Lat,Long,Type,Count,State
42.645584967947,23.3730754969404,1100,2,ДОБРО
42.6569179578877,23.3813334026629,1100,2,ДОБРО
42.6613755536272,23.3834266932068,1100,6,ДОБРО
42.6246470220757,23.4021608523303,110,1,ДОБРО
42.6649932910399,23.3803168710577,3000,3,ДОБРО
42.6303866326808,23.3819510074803,3000,3,ДОБРО
42.6637341929992,23.3831265240694,3000,4,ДОБРО
42.6739132899336,23.3784626937247,1100,4,ДОБРО
42.654533974784,23.368881593201,1100,1,ДОБРО
42.626941492058,23.4100925607727,120,1,ДОБРО
42.6230217306017,23.4088545050622,1100,1,ДОБРО
42.6694141671118,23.3791550231827,1100,1,ДОБРО
42.6244972871693,23.402053076588,110,2,ДОБРО
42.6645830314208,23.3808729618304,3000,3,ДОБРО
42.657845891472,23.37251094482,1100,1,ДОБРО
42.6288081495485,23.3615696718685,110,1,ДОБРО
42.6330428777339,23.4129901038847,110,1,ДОБРО
42.6626793734381,23.3804083911126,3000,2,ДОБРО
42.6567502633322,23.3764981955321,1100,2,ДОБРО
42.6660622712547,23.3761914932605,1100,2,ДОБРО
42.6734718919632,23.3810544677791,1100,1,ДОБРО
42.6250477042071,23.4038899189224,120,1,ДОБРО
42.6632547362517,23.37101881013,1100,2,ДОБРО
42.6548372504989,23.3755007205257,3000,2,ДОБРО
42.6734767429229,23.3810784523507,1100,1,ДОБРО
42.6613899331705,23.3834126441576,1100,6,ДОБРО
42.6267181949798,23.4060541568569,120,1,ДОБРО
42.6281640004168,23.3718130351485,3000,2,ДОБРО
42.630698264497,23.4044412517472,110,1,ДОБРО
42.6657232685124,23.3813126478412,3000,1,ДОБРО
42.6511263292705,23.3686511914644,1100,2,ДОБРО
42.628600243178,23.3662091730994,120,1,ДОБРО
42.6277672049036,23.4099326979357,120,1,ДОБРО
42.6549278889451,23.3715529961724,1100,2,ДОБРО
42.6645750277094,23.3882845154853,1100,1,ДОБРО
42.6252018311815,23.3811339020745,3000,1,ДОБРО
42.6247240928155,23.4062147501992,110,1,ДОБРО
42.6286527639587,23.3648455461264,120,1,ДОБРО
42.6657855953196,23.3803097745486,3000,2,ДОБРО
42.6242179893766,23.4023074213991,110,2,ДОБРО
42.662630066783,23.3804055850164,3000,2,ДОБРО
42.6562063408264,23.3775944655563,3000,1,ДОБРО
42.6236032594095,23.4034355332393,120,1,ДОБРО
42.6736894764183,23.3764917953928,1100,3,ДОБРО
42.6524306016434,23.3677556705029,1100,1,ДОБРО
42.6283994269081,23.4067892965222,110,2,ДОБРО
42.6289276313524,23.3617460163221,120,1,ДОБРО
42.6337381258265,23.4126674227513,110,1,ДОБРО
42.6648937290475,23.3822954643649,3000,1,ДОБРО
42.6240452276363,23.4077083898387,1100,2,ДОБРО
42.6250863074721,23.4106794166765,120,2,ДОБРО
42.6536721084261,23.3795410741446,3000,1,ДОБРО
42.6273399860667,23.3616369944215,120,2,ДОБРО
42.6395881398576,23.4072790274394,120,2,ДОБРО
42.6495021492939,23.3690142290089,3000,1,ДОБРО
42.6318356876292,23.4058748563901,110,3,ДОБРО
42.6238169855963,23.4015936705856,120,2,ДОБРО
42.6663283468749,23.3865383820968,1100,1,ДОБРО
42.6560911620172,23.3799783431003,3000,2,ДОБРО
42.6272399374598,23.3651444796639,120,1,ДОБРО
42.6382683647532,23.4073976735313,3000,1,ДОБРО
42.6611095662737,23.3873707985475,1100,1,ДОБРО
42.6319287851987,23.3784957127073,3000,2,ДОБРО
42.6342720558509,23.3802140105149,3000,1,ДОБРО
42.6456983975334,23.3775958034583,3000,2,ДОБРО
42.6649668305088,23.3791940497159,3000,2,ДОБРО
42.6664523059375,23.3800749624539,3000,1,ДОБРО
42.6678359400826,23.3785771224245,3000,1,ДОБРО
42.6261370265041,23.4020231302473,110,1,ДОБРО
42.6336095363103,23.4126575691281,110 – СГУРИЯ,1,ДОБРО
42.6590460407343,23.3763294643034,1100,5,ДОБРО
42.6293959419699,23.412323119872,120,2,ДОБРО
42.6621830032492,23.3814305281023,3000,3,ДОБРО
42.6415639319339,23.4025635647584,1100,1,ДОБРО
42.6521447729199,23.383163794538,3000,1,ДОБРО
42.64881184816,23.3816984524816,3000,2,ДОБРО
42.6268975449071,23.4101893670659,110,1,ДОБРО
42.6609581715389,23.384931982883,1100,2,ДОБРО
42.6245594186525,23.4051272527667,110,2,ДОБРО
42.667170460065,23.3778112227065,3000,1,ДОБРО
42.6249968680009,23.4020393216249,110,2,ДОБРО
42.6233558922652,23.407846278279,1100,1,ДОБРО
42.6686087001057,23.3780887275997,1100,3,ДОБРО
42.6411577870545,23.3837542049081,3000,2,ДОБРО
42.6277480550168,23.3654364724677,1100,1,ДОБРО
42.6615956706243,23.3813756903331,1100,3,ДОБРО
42.6549802338113,23.3804855233325,2250,1,ДОБРО
42.625363616242,23.4051696034662,110,2,ДОБРО
42.6709092087648,23.3808107229139,1100,4,ДОБРО
42.6373586019401,23.3848216458973,3000,1,ДОБРО
42.6299867913308,23.4112538851166,120,1,ДОБРО
42.6255253597209,23.4049791728182,110,1,ДОБРО
42.6733858414223,23.381025544053,1100,1,ДОБРО
42.6695787129444,23.3805652787761,1100,1,ДОБРО
42.6377413079584,23.4095386598949,110,1,ДОБРО
42.6348718175729,23.4119235812502,110,2,ДОБРО
42.668825835419,23.3842506854973,1100,1,ДОБРО
42.6336225901601,23.4125855305878,110,1,ДОБРО
42.6491546076452,23.3704414670377,3000,2,ДОБРО
42.6491404393384,23.3844853689794,3000,3,ДОБРО
42.661420826378,23.3818012781649,1100,10,ДОБРО
42.6231703802214,23.4018678416792,120,1,ДОБРО
42.6239513398603,23.4074508529644,110,1,ДОБРО
42.6247459667542,23.4109665268554,120,1,ДОБРО
42.6685297895278,23.3845294483633,1100,1,ДОБРО
42.6275170547799,23.4073911912654,120,2,ДОБРО
42.6278405938236,23.366143913345,120,1,ДОБРО
42.6648648438992,23.3878969025239,1100,1,ДОБРО
42.6257456591211,23.3611946978873,120,1,ДОБРО
42.6530845612766,23.3677028104001,1100,2,ДОБРО
42.6261743386468,23.4092636489524,120,3,ДОБРО
42.6501077576556,23.3821370097058,3000,2,ДОБРО
42.6644818704869,23.3786539569655,3000,1,ДОБРО
42.6254341601476,23.4119375321481,110,1,ДОБРО
42.6322661924382,23.3751051620258,2250,2,ДОБРО
42.6256862183868,23.3627488168794,120,2,ДОБРО
42.6632248687675,23.3884781642688,1100,4,ДОБРО
42.6572638099071,23.3750604392164,3000,4,ДОБРО
42.6625608241819,23.3886089664106,1100,1,ДОБРО
42.626902184562,23.4102732011113,120,1,ДОБРО
42.6401648404761,23.3868809302569,3000,1,ДОБРО
42.6612946297104,23.3839081278965,1100,5,ДОБРО
42.629415591335,23.3807626327368,3000,2,ДОБРО
42.6618924302388,23.3862965395595,1100,2,ДОБРО
42.6248195366535,23.4016851917111,120,1,ДОБРО
42.6602307217408,23.3745471648256,1100,2,ДОБРО
42.624871168531,23.3611279470288,120,1,ДОБРО
42.6275207671473,23.4057072852605,120,1,ДОБРО
42.6341569137895,23.4127723154583,110,1,ДОБРО
42.6310509437487,23.4056126634616,110,1,ДОБРО
42.6494472773969,23.3859869635537,3000,2,ДОБРО
42.6267338504423,23.3608447188818,120,1,ДОБРО
42.6660711073778,23.376246235579,1100,2,ДОБРО
42.6322959854867,23.412432755764,110,2,ДОБРО
42.6646434269274,23.3709783296235,1100,2,ДОБРО
42.6309264597913,23.4050809301851,110,1,ДОБРО
42.6649359656345,23.3743359459577,1100,4,ДОБРО
42.6404208195658,23.3784864564953,3000,2,ДОБРО
42.6362687507967,23.3837953439683,3000,2,ДОБРО
42.6244330826538,23.404891417397,110,1,ДОБРО
42.6677551924055,23.3701461352872,1100,2,ДОБРО
42.626520201354,23.4098160708963,120,1,ДОБРО
42.6280795302008,23.3650104133222,120,1,ДОБРО
42.6380370481859,23.3690528055669,3000,2,ДОБРО
42.6631790586824,23.3764291570721,1100,2,ДОБРО
42.6699815115558,23.3699111070058,1100,3,ДОБРО
42.6600319518986,23.3853819927514,1100,4,ДОБРО
42.6352123754921,23.3763099489093,3000,3,ДОБРО
42.6643683579871,23.3832754031121,3000,1,ДОБРО
42.6381767862122,23.4130499949185,1100,3,ДОБРО
42.6245793553912,23.402155419668,110,1,ДОБРО
42.6638781166782,23.3817947368611,3000,1,ДОБРО
42.6249774517849,23.4089558381234,120,2,ДОБРО
42.6646234373296,23.3787315649105,1100,3,ДОБРО
42.655694703819,23.3699599601602,1100,6,ДОБРО
42.6341469326188,23.408855005879,110,2,ДОБРО
42.6274335641858,23.411249588406,110,1,ДОБРО
42.6395637829767,23.385333469805,3000,4,ДОБРО
42.6554535734093,23.3706789306381,1100,2,ДОБРО
42.6621891743527,23.3813586424619,1100,4,ДОБРО
42.6679901835462,23.36983553345,1100,3,ДОБРО
42.6508946573875,23.3768980324044,3000,2,ДОБРО
42.6667218889473,23.371741138081,1100,2,ДОБРО
42.6268476075483,23.3660775756474,120,1,ДОБРО
42.6488606957429,23.3709095731684,3000,1,ДОБРО
42.6668883219169,23.3699775115993,1100,1,ДОБРО
42.6652248887172,23.3709277232422,1100,2,ДОБРО
42.6521146409475,23.3757623564612,3000,2,ДОБРО
42.6322055863096,23.4090074537515,120,2,ДОБРО
42.6643745445425,23.3724191522433,1100,6,ДОБРО
42.6285582861028,23.4126860248622,120,1,ДОБРО
42.6628707094772,23.3734856506716,1100,1,ДОБРО
42.6243637383144,23.4028096556201,110,1,ДОБРО
42.6354080431653,23.3748771641243,3000,2,ДОБРО
42.6613558122778,23.3731440664236,1100,4,ДОБРО
42.6344219310866,23.4132227489082,120,1,ДОБРО
42.66250103195,23.3718854300581,1100,3,ДОБРО
42.6587610815548,23.3733379724567,1100,4,ДОБРО
42.6451338432068,23.3738340164832,3000,1,ДОБРО
42.6328859359314,23.3750842137404,2250,3,ДОБРО
42.6386946322254,23.4100211253047,120,1,ДОБРО
42.6631282821087,23.3738167040007,1100,1,ДОБРО
42.6237180589358,23.4010921830134,110,1,ДОБРО
42.6634562597501,23.3737521057608,1100,3,ДОБРО
42.6287074586064,23.4125385891254,110,2,ДОБРО
42.6324987993708,23.4106234234708,110,2,ДОБРО
42.6632172033268,23.3746728522029,1100,2,ДОБРО
42.6391202704321,23.4092261246972,110,1,ДОБРО
42.6625396160454,23.3750195037315,1100,2,ДОБРО
42.6241002185589,23.4000658616633,110,1,ДОБРО
42.6390255027438,23.3696095377991,3000,1,ДОБРО
42.6390409387953,23.4094798707617,120,1,ДОБРО
42.6331093712512,23.4106875252119,110,1,ДОБРО
42.6620906193656,23.3742908337975,1100,2,ДОБРО
42.6381198107219,23.4086264946228,110,1,ДОБРО
42.6612209778233,23.374513836451,1100,2,ДОБРО
42.6332176631413,23.410108547819,120,1,ДОБРО
42.661461241002,23.3748054771381,1100,2,ДОБРО
42.634961685143,23.4112285201699,120,1,ДОБРО
42.6331574478434,23.4103704107644,120,2,ДОБРО
42.6623471455843,23.375944695894,1100,4,ДОБРО
42.6614646274414,23.3756722517261,1100,4,ДОБРО
42.6337601851171,23.4072273616539,1100,1,ДОБРО
42.6354064739238,23.3680215178424,1100,4,ДОБРО
42.6272718084491,23.3631012928127,120,1,ДОБРО
42.631823635351,23.4100883484526,1100,1,ДОБРО
42.6389245274629,23.4095931134695,110,2,ДОБРО
42.6601131897999,23.3762418344044,1100,2,ДОБРО
42.6291869648072,23.3637803115802,120,1,ДОБРО
42.6361593881339,23.4116244695221,110,2,ДОБРО
42.6597323429817,23.3754209490209,1100,2,ДОБРО
42.6603983487761,23.3768587302424,1100,3,ДОБРО
42.6593757656505,23.3776695200974,1100,3,ДОБРО
42.6318129615896,23.4046811210914,110,3,ДОБРО
42.6262197351768,23.4133421055832,110,1,ДОБРО
42.6584596604145,23.3781583514466,1100,2,ДОБРО
42.6580866734257,23.3776906308805,1100,2,ДОБРО
42.6595080027221,23.379629992567,1100,2,ДОБРО
42.6590904865042,23.3802173450642,1100,4,ДОБРО
42.6255839215582,23.3624953053839,120,2,ДОБРО
42.6239177602619,23.4065612654569,110,3,ДОБРО
42.6585588130104,23.3792322044087,1100,3,ДОБРО
42.6266873799099,23.3660269195014,120,1,ДОБРО
42.6336534891556,23.376292198021,3000,3,ДОБРО
42.6245548028193,23.4030079052793,110,2,ДОБРО
42.6385855566501,23.41028505519,120,3,ДОБРО
42.633266317603,23.4098790996346,120,1,ДОБРО
42.6449813601612,23.3850714739527,3000,2,ДОБРО
42.6327043829571,23.3762789499029,3000,1,ДОБРО
42.6298312980926,23.4050893299493,120,1,ДОБРО
42.6339746372322,23.412767057432,110,1,ДОБРО
42.6284307654061,23.3765976928304,3000,2,ДОБРО
42.6348054971364,23.4040842377229,3000,1,ДОБРО
42.6306145631788,23.4123895177689,1100,1,ДОБРО
42.6273373139033,23.3764408709144,3000,1,ДОБРО
42.6257552240813,23.384369609149,3000,4,ДОБРО
42.6297271546032,23.4118967356097,120,1,ДОБРО
42.6302785580974,23.376225312426,3000,1,ДОБРО
42.6293197576065,23.4113840777198,110,2,ДОБРО
42.629476058096,23.3765205063549,3000,2,ДОБРО
42.6545241749116,23.3694663363891,1100,2,ДОБРО
42.6271255301532,23.379491712722,3000,3,ДОБРО
42.6274130169182,23.4114758657927,120,1,ДОБРО
42.6564446635258,23.3784814320476,3000,2,ДОБРО
42.626287513212,23.3785205446716,3000,2,ДОБРО
42.6457944123047,23.3730759664721,3000,1,ДОБРО
42.6277989714251,23.3780506474118,3000,1,ДОБРО
42.6325116219191,23.408570980043,110,2,ДОБРО
42.628492593713,23.379363946901,3000,2,ДОБРО
42.6285943685969,23.3806408969142,3000,1,ДОБРО
42.6248574800905,23.409559484699,120,1,ДОБРО
42.6383189795126,23.3663806610634,3000,4,ДОБРО
42.6276584800529,23.404467707746,1100,1,ДОБРО
42.628538466183,23.3811957520473,3000,2,ДОБРО
42.6531196023582,23.3780040069324,3000,2,ДОБРО
42.6322178019787,23.4074071287778,110,2,ДОБРО
42.6279435070383,23.3813649259936,3000,2,ДОБРО
42.6381455321269,23.4111057647953,110,1,ДОБРО
42.6245145371404,23.4033609807824,120,1,ДОБРО
42.6320343765912,23.4123975051043,120,1,ДОБРО
42.6318869408878,23.4061851896612,110 – СГУРИЯ,2,ДОБРО
42.6341100542015,23.4101876073031,110,2,ДОБРО
42.6419588465511,23.3696589248117,3000,2,ДОБРО
42.6305934564135,23.380004005046,3000,1,ДОБРО
42.6441510853505,23.3695537184206,1100,4,ДОБРО
42.630558818846,23.379124277195,3000,1,ДОБРО
42.6255744227835,23.4120866359797,120,1,ДОБРО
42.6436601922285,23.3766056129165,3000,1,ДОБРО
42.6322568529903,23.3751083515188,3000,1,ДОБРО
42.6305588758303,23.3785337512142,3000,1,ДОБРО
42.6364948398286,23.4121929649373,120,1,ДОБРО
42.6339585467221,23.412707406295,120,1,ДОБРО
42.6382737956732,23.3763446554818,3000,3,ДОБРО
42.6304892841959,23.3776498358766,3000,1,ДОБРО
42.6485133952579,23.3802009504733,3000,2,ДОБРО
42.6239020732251,23.4016896126139,110,2,ДОБРО
42.6278001246169,23.4104700820936,110,1,ДОБРО
42.6292999638935,23.3784890786452,3000,1,ДОБРО
42.6262077466108,23.4134152673542,110,1,ДОБРО
42.6293681023748,23.3790944952642,3000,1,ДОБРО
42.6289419105198,23.382779120973,3000,3,ДОБРО
42.6464692839264,23.3809250316788,3000,2,ДОБРО
42.6281461040187,23.3833423792852,3000,2,ДОБРО
42.6272820186028,23.4122814356888,110,1,ДОБРО
42.6234993121754,23.4073558334545,110,2,ДОБРО
42.6275678284223,23.3836811248445,3000,2,ДОБРО
42.6547938285264,23.3731033674204,1100,3,ДОБРО
42.627004275757,23.3839847505123,3000,2,ДОБРО
42.6234495890601,23.4074103315755,110,2,ДОБРО
42.6269669719721,23.3841970362114,3000,3,ДОБРО
42.6388592004246,23.4065901555892,1100,2,ДОБРО
42.6473405883114,23.3837065264841,3000,3,ДОБРО
42.6328584160064,23.4111025727928,1100,3,ДОБРО
42.6484164437837,23.3848850830528,3000,1,ДОБРО
42.6324565135805,23.4123864833322,110,2,ДОБРО
42.6488092586157,23.383893543214,3000,2,ДОБРО
42.6304144686963,23.3639564752237,1100,1,ДОБРО
42.6554305115568,23.390682665896,1100,5,ДОБРО
42.6551570997137,23.3806659382943,3000,1,ДОБРО
42.6483863656986,23.3844310061443,3000,2,ДОБРО
42.6434780255246,23.3835931253359,3000,2,ДОБРО
42.6254046634327,23.4025143668221,120,2,ДОБРО
42.6501470515157,23.3801033043573,3000,1,ДОБРО
42.6505206721418,23.3807056389966,3000,1,ДОБРО
42.6507211898092,23.3809893607635,3000,2,ДОБРО
42.6369471360503,23.4124527543009,110,1,ДОБРО
42.6329623108426,23.41215984309,110,3,ДОБРО
42.6507374385427,23.3811405100137,3000,2,ДОБРО
42.65508349703,23.3784457939284,3000,2,ДОБРО
42.6508138372185,23.3827730815027,3000,2,ДОБРО
42.6264483883483,23.3717686977481,3000,1,ДОБРО
42.6508494993337,23.3770079889865,3000,2,ДОБРО
42.6324505281896,23.4106175578069,110,2,ДОБРО
42.6513771323211,23.3810225685336,3000,3,ДОБРО
42.6314570878972,23.4043400257976,110,1,ДОБРО
42.6274464230557,23.3670510961151,120,1,ДОБРО
42.628722894889,23.3751717407588,3000,1,ДОБРО
42.6297336304228,23.4120445734498,110,1,ДОБРО
42.6278687399163,23.4060589161376,110,1,ДОБРО
42.6258191606793,23.4015155899723,110,1,ДОБРО
42.6520544206744,23.3812541760042,3000,1,ДОБРО
42.6390657517825,23.3660334275427,3000,2,ДОБРО
42.6371044328285,23.4124390318402,120,1,ДОБРО
42.6273104590579,23.3616136921232,120,1,ДОБРО
42.6525851241118,23.3820530258104,3000,1,ДОБРО
42.6339767716467,23.4099298426032,1100,1,ДОБРО
42.6341784229818,23.4074581644433,120,1,ДОБРО
42.6515765164214,23.3836385477903,3000,2,ДОБРО
42.6242998733969,23.3602112828495,120,1,ДОБРО
42.6301065733817,23.374510447205,1100,1,ДОБРО
42.6237347888555,23.4067195301743,110,3,ДОБРО
42.6519459000804,23.3779205013152,3000,1,ДОБРО
42.6265591755104,23.3641673527447,120,1,ДОБРО
42.6320895140435,23.4049314741448,120,1,ДОБРО
42.6513545727057,23.3769941128361,3000,2,ДОБРО
42.6264520230833,23.363891478293,120,1,ДОБРО
42.6479928657395,23.3811738747158,3000,2,ДОБРО
42.6238216560687,23.4016557001581,120,2,ДОБРО
42.6338505039668,23.4122666876564,110,2,ДОБРО
42.6390940242125,23.3700210849306,3000,2,ДОБРО
42.6248704830846,23.4016585196507,110,1,ДОБРО
42.6237153117128,23.4003902850114,110,1,ДОБРО
42.6512372996392,23.3945555656583,1100,2,ДОБРО
42.6493474247314,23.3797985731296,3000,1,ДОБРО
42.651452851008,23.3729749939763,1100,2,ДОБРО
42.6285716539344,23.3672474146883,110,1,ДОБРО
42.6431556469949,23.3684091062601,1100,3,ДОБРО
42.6287838507485,23.4067089735435,110,2,ДОБРО
42.6481661492008,23.375697445399,1100,1,ДОБРО
42.6453208998799,23.3764325666014,3000,4,ДОБРО
42.6562632121374,23.3791603309009,3000,1,ДОБРО
42.644562104712,23.3767306633787,3000,1,ДОБРО
42.6331947145403,23.4105555227625,120,1,ДОБРО
42.6250069456926,23.4019501811867,110,2,ДОБРО
42.6371771038159,23.4088529703606,120,1,ДОБРО
42.6346633504696,23.4126831548535,110,1,ДОБРО
42.649862425372,23.379841236137,3000,2,ДОБРО
42.6508681707598,23.3847665503688,3000,3,ДОБРО
42.6296322197461,23.4122374872325,110,2,ДОБРО
42.6317829604048,23.405673074366,110,2,ДОБРО
42.643620115472,23.3844136976524,3000,2,ДОБРО
42.6240342507866,23.4020580508063,120,1,ДОБРО
42.6275253325697,23.4047971659517,120,1,ДОБРО
42.6438594372812,23.3857591424709,3000,1,ДОБРО
42.6341722368758,23.4095075015223,120,1,ДОБРО
42.6371557678436,23.4110892834252,110,2,ДОБРО
42.6284920241056,23.4069038738855,120,2,ДОБРО
42.6256821785411,23.4013489977889,110,1,ДОБРО
42.633602928139,23.4125462151194,110,1,ДОБРО
42.6528163647876,23.3822094798987,3000,1,ДОБРО
42.6526727724027,23.3788219710553,3000,2,ДОБРО
42.6530402662497,23.3735101574204,3000,3,ДОБРО
42.6351033319732,23.4102023775877,110,1,ДОБРО
42.6255798168627,23.3609272152086,120,1,ДОБРО
42.6238565843407,23.406926723667,120,2,ДОБРО
42.6399039611431,23.4039756105883,1100,2,ДОБРО
42.6528012365045,23.3755425341263,3000,2,ДОБРО
42.6333748754008,23.4086991650462,120,1,ДОБРО
42.6258054939495,23.3630329128759,120,1,ДОБРО
42.6533109580674,23.3765912179893,3000,3,ДОБРО
42.6542221571108,23.3734740185663,1100,3,ДОБРО
42.6542932003173,23.3761695407122,3000,3,ДОБРО
42.6344302250245,23.412795023535,120,3,ДОБРО
42.6498983900976,23.3723649580767,1100,2,ДОБРО
42.6311100809728,23.4061170222864,110,1,ДОБРО
42.6378982202556,23.3840740531915,3000,3,ДОБРО
42.6541570070927,23.372373394047,1100,3,ДОБРО
42.6550632316531,23.3903549401149,1100,2,ДОБРО
42.6320570154617,23.412381549014,110,2,ДОБРО
42.6330020485802,23.4107342774457,110,1,ДОБРО
42.6554050752347,23.390734126379,1100,5,ДОБРО
42.6541700692928,23.3913119175328,1100,1,ДОБРО
42.6549507833798,23.3902974607735,1100,2,ДОБРО
42.625760258888,23.3611743279223,120,1,ДОБРО
42.6266644846488,23.4123101292612,110,2,ДОБРО
42.6529124089472,23.3913784795766,1100,1,ДОБРО
42.6261639453837,23.4123602523392,120,1,ДОБРО
42.6273950380714,23.4056155632703,120,2,ДОБРО
42.6296987054719,23.3721307016433,3000,2,ДОБРО
42.6563231157149,23.3886646913663,1100,2,ДОБРО
42.6285499992318,23.4125900350638,120,2,ДОБРО
42.6312295250811,23.375004976349,3000,3,ДОБРО
42.6388959924212,23.4097235621693,120,1,ДОБРО
42.6298761234555,23.3751562956268,3000,2,ДОБРО
42.6555690454219,23.3896828269688,1100,2,ДОБРО
42.635912876944,23.3687077755711,1100,2,ДОБРО
42.6282204882914,23.3659073088533,120,1,ДОБРО
42.6412119707536,23.3852241001401,3000,2,ДОБРО
42.6284755116305,23.3647353596198,120,1,ДОБРО
42.6354404463211,23.3691060874385,1100,2,ДОБРО
42.6425134414115,23.4021850070292,3000,1,ДОБРО
42.6299407447274,23.4116641256304,240,2,ДОБРО
42.6243675569046,23.4027495973021,120,2,ДОБРО
42.6395620114464,23.3784442665246,3000,1,ДОБРО
42.6368290024726,23.3687570054642,1100,2,ДОБРО
42.6365935263961,23.3695732541964,1100,1,ДОБРО
42.6260829433278,23.3600972256968,120,2,ДОБРО
42.638375766433,23.369482240933,3000,2,ДОБРО
42.6260616164558,23.3633624333974,120,1,ДОБРО
42.6394607383448,23.3691651811449,3000,2,ДОБРО
42.6294093106072,23.3636509438834,120,1,ДОБРО
42.6422249076411,23.3741626082591,3000,3,ДОБРО
42.6420565325485,23.3745037863811,3000,1,ДОБРО
42.6264556051743,23.406064673043,120,1,ДОБРО
42.6332871945918,23.4100391220475,1100,1,ДОБРО
42.6252785088393,23.4116677137401,120,2,ДОБРО
42.6440278272387,23.3751920546168,3000,3,ДОБРО
42.636857296919,23.4093950056314,110,1,ДОБРО
42.6236902829374,23.4041480357976,110,2,ДОБРО
42.6434661916946,23.3763547543205,3000,1,ДОБРО
42.647413546647,23.3735494081315,3000,3,ДОБРО
42.6262602764381,23.40407093066,110,1,ДОБРО
42.6261604759292,23.4123871737595,120,3,ДОБРО
42.6428364633848,23.3776540807925,3000,1,ДОБРО
42.6299674922495,23.4116261150715,120,1,ДОБРО
42.6416828234711,23.3763516097577,3000,2,ДОБРО
42.6270201371231,23.3770830695968,1100,3,ДОБРО
42.6364466635432,23.411871346383,110,1,ДОБРО
42.6267654814691,23.4121227587754,110,1,ДОБРО
42.6297873505463,23.4106285786237,110,1,ДОБРО
42.6280140197169,23.36402284168,240,1,ДОБРО
42.629042895726,23.3740140322642,1100,2,ДОБРО
42.641943152065,23.3755364831979,3000,3,ДОБРО
42.6382443311968,23.4074799504289,120,1,ДОБРО
42.6316494708867,23.4136544103642,1100,1,ДОБРО
42.6333896082318,23.3810272357195,3000,2,ДОБРО
42.6313654115197,23.4071942975312,110,1,ДОБРО
42.6262080532982,23.4055124519929,110,1,ДОБРО
42.6279391454569,23.4128536477919,110,1,ДОБРО
42.6363820633124,23.3804264492067,3000,1,ДОБРО
42.6370928031725,23.3817974046898,3000,3,ДОБРО
42.6284503655258,23.363046728611,120,1,ДОБРО
42.6403350193364,23.3776803768881,3000,2,ДОБРО
42.629099357226,23.405166161003,110,2,ДОБРО
42.6478199425021,23.3678202508034,1100,5,ДОБРО
42.6399496861378,23.3760177776733,3000,3,ДОБРО
42.6321794198578,23.4075349064406,110,1,ДОБРО
42.6238211323889,23.4012033145235,110,1,ДОБРО
42.6396295573679,23.3795571257534,3000,3,ДОБРО
42.6444962616264,23.3671288307449,3000,1,ДОБРО
42.6261863901532,23.4123173829002,110,2,ДОБРО
42.6398814788329,23.3805032156566,3000,2,ДОБРО
42.6280435346824,23.3640985377849,120,1,ДОБРО
42.6405461139158,23.3758624095737,3000,3,ДОБРО
42.6265345450965,23.4122443558133,120,3,ДОБРО
42.6323273736641,23.4052166093969,110,2,ДОБРО
42.6367386098352,23.3804728247765,3000,2,ДОБРО
42.6377149540298,23.3749312543167,3000,1,ДОБРО
42.6392901729009,23.3768251677659,3000,1,ДОБРО
42.6261704782226,23.4132208319679,110,1,ДОБРО
42.638424915844,23.3798535274275,3000,2,ДОБРО
42.6325010490504,23.4124326033985,120,1,ДОБРО
42.6375236999298,23.3772009299725,3000,3,ДОБРО
42.6265652514112,23.4134693385194,1100,1,ДОБРО
42.6342998332178,23.4127677685811,110,1,ДОБРО
42.6375805897732,23.3794609246743,3000,3,ДОБРО
42.6393590425131,23.3987179898874,1100,1,ДОБРО
42.6561958504098,23.3894979808847,1100,3,ДОБРО
42.6312620801162,23.4069567709753,110,1,ДОБРО
42.637520189751,23.3788141579078,3000,2,ДОБРО
42.6311631902893,23.3644808953654,1100,1,ДОБРО
42.637825675279,23.3822476990479,3000,2,ДОБРО
42.6379043333246,23.382613005774,3000,1,ДОБРО
42.6258837812009,23.401639658519,110,1,ДОБРО
42.627459434383,23.409703313963,110,1,ДОБРО
42.6235604780221,23.4046498092588,120,1,ДОБРО
42.62770184384,23.4088710715988,120,3,ДОБРО
42.6390112381564,23.3833487645929,3000,3,ДОБРО
42.6316625049738,23.4124369590091,120,1,ДОБРО
42.6396891499048,23.3835387783227,3000,3,ДОБРО
42.6465247948684,23.370717364505,1100,2,ДОБРО
42.6277743146686,23.4099189340918,120,1,ДОБРО
42.6236205244665,23.4044630626834,120,2,ДОБРО
42.6411651524819,23.3865657494524,3000,2,ДОБРО
42.6406315349118,23.3800902694591,3000,2,ДОБРО
42.6410899334846,23.3821257770156,3000,2,ДОБРО
42.6428397165877,23.3724791329804,3000,1,ДОБРО
42.640112073049,23.4043289848338,1100,2,ДОБРО
42.6277885526204,23.3653769042801,120,1,ДОБРО
42.6310526026666,23.4130182965555,120,1,ДОБРО
42.6413577523838,23.3826382104514,2250,1,ДОБРО
42.6347430334051,23.4129016436942,110,1,ДОБРО
42.6306772287947,23.4071094353562,110,2,ДОБРО
42.6419386366269,23.3829131230148,3000,2,ДОБРО
42.6354570700729,23.3707986495617,3000,2,ДОБРО
42.6279718476412,23.3650462472315,120,1,ДОБРО
42.6312734464259,23.413250553325,1100,1,ДОБРО
42.6418537763212,23.3829908494344,2250,1,ДОБРО
42.6248857903255,23.4094748707141,110,1,ДОБРО
42.6559700769701,23.3754760429614,1100,2,ДОБРО
42.6265685411405,23.4084340173028,110,1,ДОБРО
42.6322446715176,23.4124274592671,110,3,ДОБРО
42.6566785390912,23.3761962156678,1100,2,ДОБРО
42.6243319491255,23.4047544416581,110,2,ДОБРО
42.6528151387366,23.3938086065946,1100,2,ДОБРО
42.6562787906434,23.3755732344431,1100,1,ДОБРО
42.6562697966451,23.3755707711459,1100,3,ДОБРО
42.6376273805357,23.4112098765402,110,1,ДОБРО
42.6320830439453,23.4071296603545,110,3,ДОБРО
42.6556422975239,23.372278209544,1100,3,ДОБРО
42.6299310233038,23.4030790360565,110,2,ДОБРО
42.6578186765358,23.3819244200322,1100,2,ДОБРО
42.6276674639035,23.3663423785734,120,1,ДОБРО
42.6580034335436,23.3806922375002,1100,3,ДОБРО
42.633619660144,23.40916160112,110,1,ДОБРО
42.6571668766069,23.3799722142857,1100,2,ДОБРО
42.6582494499891,23.3884922915311,1100,1,ДОБРО
42.6248465559946,23.4088292783784,120,1,ДОБРО
42.6569992086709,23.3810266730098,1100,3,ДОБРО
42.6281728903442,23.3658730955583,120,1,ДОБРО
42.6555459434088,23.3809488983159,3000,3,ДОБРО
42.625685840941,23.4065264719444,110,1,ДОБРО
42.6568677278028,23.3877623821376,1100,2,ДОБРО
42.6290404004365,23.363889151159,120,1,ДОБРО
42.6568276171764,23.3882318484116,1100,2,ДОБРО
42.6269927613348,23.3627174570846,120,2,ДОБРО
42.6563998848879,23.3871994015003,1100,2,ДОБРО
42.626371090386,23.4041659384682,120,1,ДОБРО
42.6570147113807,23.390224324085,1100,4,ДОБРО
42.6327938834195,23.4124267729351,110,2,ДОБРО
42.6574292958562,23.3789953199588,1100,2,ДОБРО
42.6309760797358,23.4056478898812,110,2,ДОБРО
42.6282650741924,23.365362480352,120,1,ДОБРО
42.6568270041673,23.3769595321654,3000,2,ДОБРО
42.6318288917457,23.4060510596746,110,1,ДОБРО
42.6318113803449,23.4066093528905,110,1,ДОБРО
42.6390986561286,23.4090898283774,110,2,ДОБРО
42.6287001416441,23.4111617568305,120,1,ДОБРО
42.6270390056131,23.3628056381355,120,1,ДОБРО
42.6248943856286,23.4082458558977,110,1,ДОБРО
42.6282672824102,23.3646502207695,120,1,ДОБРО
42.6345634205059,23.3678578804869,1100,4,ДОБРО
42.6284548466677,23.4108361057453,110,2,ДОБРО
42.6249306168307,23.4083297226148,120,1,ДОБРО
42.6250599743282,23.4084544391248,110,1,ДОБРО
42.6274042975736,23.3662946051658,120,1,ДОБРО
42.6468448349549,23.3689114659134,3000,1,ДОБРО
42.6249223003614,23.4088473962357,110,1,ДОБРО
42.6234108386933,23.4071036807,1100,1,ДОБРО
42.6249292941061,23.4092199595295,110,2,ДОБРО
42.6248554171023,23.4094337363149,120,2,ДОБРО
42.6248788707946,23.4097014856843,120,1,ДОБРО
42.6249158428903,23.4097949068708,110,1,ДОБРО
42.624935599868,23.409640299163,110,2,ДОБРО
42.6237803812937,23.4064350494749,110,1,ДОБРО
42.63259259813,23.4135171664641,1100,2,ДОБРО
42.6234555674996,23.4047933285139,120,1,ДОБРО
42.6240263122739,23.4065339711346,110,3,ДОБРО
42.6235383834611,23.4068315390777,110,1,ДОБРО
42.6387098651338,23.4074296278063,110,2,ДОБРО
42.6329365227114,23.4092798059837,3000,1,ДОБРО
42.6237107832932,23.4071128915744,110,1,ДОБРО
42.6273063463343,23.405335621941,110,1,ДОБРО
42.6234009406144,23.4070075702711,120,2,ДОБРО
42.6349836139289,23.3775502335982,3000,2,ДОБРО
42.6233899712836,23.4068653641535,1100,1,ДОБРО
42.6259263655355,23.4123071715562,110,1,ДОБРО
42.6236012328084,23.4070714821457,120,1,ДОБРО
42.6282566169823,23.4066458714,110,2,ДОБРО
42.632265486703,23.4078584562451,120,1,ДОБРО
42.6281379826475,23.4127262119405,120,2,ДОБРО
42.6235404689799,23.4074204757669,110,1,ДОБРО
42.6273413481381,23.4114903088995,120,2,ДОБРО
42.6249790874315,23.4018458616766,120,1,ДОБРО
42.6234734698415,23.4074449721562,120,1,ДОБРО
42.6393638065859,23.3682872518945,3000,1,ДОБРО
42.6248207874492,23.4100211767181,120,1,ДОБРО
42.6247276224154,23.410438466864,120,2,ДОБРО
42.6250479809049,23.4017387745437,120,1,ДОБРО
42.6258675930688,23.4122310651682,110,2,ДОБРО
42.626218695411,23.4123494325795,110,1,ДОБРО
42.6386877480946,23.3965494439901,1100,1,ДОБРО
42.6264725494913,23.4123100566353,120,1,ДОБРО
42.6310760332403,23.3732754872351,1100,6,ДОБРО
42.6322434668671,23.4077965569677,110,2,ДОБРО
42.6326030112777,23.4108207679874,110,1,ДОБРО
42.6265079377671,23.4122605443137,120,2,ДОБРО
42.6262687141516,23.4123472275525,240,1,ДОБРО
42.6382455642647,23.4126784936686,1100,1,ДОБРО
42.6268857863066,23.4138355767233,1100,2,ДОБРО
42.6321364421242,23.4124090642297,110,2,ДОБРО
42.6270170765337,23.4136400599988,110,1,ДОБРО
42.6384929277786,23.4075881829722,3000,1,ДОБРО
42.6323944032665,23.4084472039485,110,2,ДОБРО
42.6326158539211,23.4108412095061,110,1,ДОБРО
42.633068503784,23.4118810911208,120,1,ДОБРО
42.6324197958099,23.4079563231103,110,2,ДОБРО
42.6242601869383,23.402560630272,110,1,ДОБРО
42.6321107458575,23.4077303929057,110,1,ДОБРО
42.6323166389168,23.412314293057,110,1,ДОБРО
42.6321968481876,23.407565841985,110,1,ДОБРО
42.6321300760449,23.4073180476767,110,1,ДОБРО
42.6333222465557,23.4106498085145,120,2,ДОБРО
42.6375433149329,23.3849136800337,3000,1,ДОБРО
42.6251597626589,23.4038629125848,110,2,ДОБРО
42.6320666089203,23.4124346103576,110,1,ДОБРО
42.632236511292,23.4070032477911,110,2,ДОБРО
42.6416519880486,23.3712176319997,3000,1,ДОБРО
42.6249633426868,23.4037510085752,110,1,ДОБРО
42.6321755181077,23.4067759688081,110,1,ДОБРО
42.6320224603782,23.4062307661947,110,1,ДОБРО
42.6407174463342,23.3680788561322,3000,4,ДОБРО
42.6383726457498,23.3978928911514,1100,1,ДОБРО
42.6323556168152,23.4063250705679,110,1,ДОБРО
42.6237059971582,23.4002584625388,120,1,ДОБРО
42.6337172863051,23.413303669956,120,2,ДОБРО
42.6291894339507,23.4113611093994,120,2,ДОБРО
42.6330363906037,23.407718220552,110,1,ДОБРО
42.6321627803262,23.4063744287796,110,1,ДОБРО
42.6330602763011,23.4110598710588,110,2,ДОБРО
42.6323743762894,23.4064254895409,110,1,ДОБРО
42.6417032515876,23.3706146193382,3000,1,ДОБРО
42.6322680401734,23.4064555681944,110,1,ДОБРО
42.6326181943396,23.4062998671493,110,2,ДОБРО
42.6237341323496,23.4011995232545,110,1,ДОБРО
42.6326902226571,23.4108416672139,110,2,ДОБРО
42.6388479293845,23.4098554955977,120,1,ДОБРО
42.6326427949192,23.4063619788305,110,1,ДОБРО
42.6238976517207,23.4016570491639,120,2,ДОБРО
42.6292071279864,23.4124008675003,110,1,ДОБРО
42.6324839517738,23.4063569858183,110,1,ДОБРО
42.6313605599305,23.4072837395984,110,2,ДОБРО
42.631459443874,23.4075472450129,110,1,ДОБРО
42.6314900405092,23.4076761407169,110,3,ДОБРО
42.6251415066359,23.4021164221657,110,2,ДОБРО
42.6315918072312,23.4081213510259,110,2,ДОБРО
42.6336544482334,23.408972249952,110,1,ДОБРО
42.6341120760736,23.4088851326515,110,2,ДОБРО
42.6273476828256,23.4115304553005,1100,1,ДОБРО
42.6363785696795,23.4118764134393,110,1,ДОБРО
42.6338760979918,23.4127212408507,110,1,ДОБРО
42.6326550316174,23.4124599614594,110,2,ДОБРО
42.6255392724541,23.3625407197641,120,2,ДОБРО
42.6332135702703,23.4095176425949,110,2,ДОБРО
42.6332232026192,23.4097574751339,110,2,ДОБРО
42.629804632363,23.4074571261543,110,1,ДОБРО
42.626733684306,23.406707270828,110,1,ДОБРО
42.641784558859,23.3684582592221,3000,3,ДОБРО
42.6276424632771,23.4097706085158,120,2,ДОБРО
42.6348061205147,23.4127380671883,110,2,ДОБРО
42.6337012012167,23.4125086531654,120,1,ДОБРО
42.6338661823161,23.4133903262582,110,1,ДОБРО
42.6338604958146,23.4132070604749,1100,1,ДОБРО
42.636229357752,23.4116028270199,110,1,ДОБРО
42.6339809209698,23.4127038375125,120,1,ДОБРО
42.6339920845145,23.4132536402859,120,1,ДОБРО
42.644881514506,23.3794388580195,3000,2,ДОБРО
42.6342542522049,23.4132382350199,1100,2,ДОБРО
42.6378044134155,23.4084433062418,120,1,ДОБРО
42.6279442318184,23.410647093453,110,2,ДОБРО
42.6346444806756,23.412891028847,110,1,ДОБРО
42.6372425385177,23.4089355221263,110,4,ДОБРО
42.6230407151472,23.4005327046548,120,2,ДОБРО
42.6347617052676,23.4128088932841,110,1,ДОБРО
42.6283075372688,23.3640780321513,120,1,ДОБРО
42.6348196520656,23.41236279894,110,1,ДОБРО
42.6331752494878,23.410565532543,120,1,ДОБРО
42.6331001099933,23.4103739247993,120,1,ДОБРО
42.6298811694925,23.4063161378528,110,2,ДОБРО
42.639814889727,23.3681544694565,3000,2,ДОБРО
42.6257823301906,23.365075472042,120,2,ДОБРО
42.6536248287651,23.3926948091566,1100,3,ДОБРО
42.6535626364955,23.3927463262315,1100,1,ДОБРО
42.6294153451892,23.3635759241561,120,1,ДОБРО
42.6305432388837,23.4053468974077,110,3,ДОБРО
42.6331345434572,23.4108269339917,120,1,ДОБРО
42.6331457230528,23.4109766143685,110,2,ДОБРО
42.6243721484639,23.4027623798417,110,2,ДОБРО
42.6270862910178,23.3709778325754,3000,1,ДОБРО
42.6331352520504,23.4109452991002,120,1,ДОБРО
42.6243638870579,23.4028274981139,1100,1,ДОБРО
42.6246487720373,23.4077245494059,110,1,ДОБРО
42.6370941803656,23.3699460036307,1100,1,ДОБРО
42.6532645405183,23.3921515641425,1100,2,ДОБРО
42.6267010832587,23.4121890089755,110,3,ДОБРО
42.6260334261274,23.3618416566596,120,2,ДОБРО
42.6257202727181,23.3599000271463,120,1,ДОБРО
42.635703528408,23.4104813462793,2250,1,ДОБРО
42.6381314697635,23.4085679261646,110,1,ДОБРО
42.633112970167,23.4109517502299,120,2,ДОБРО
42.6264082162533,23.4096796503213,110,3,ДОБРО
42.6327492216796,23.4135188121752,1100,3,ДОБРО
42.6331220082012,23.4110783947438,110,1,ДОБРО
42.6326670998869,23.4124848793138,120,2,ДОБРО
42.6397049269817,23.4073299958273,110,3,ДОБРО
42.6221146156293,23.4065622746939,1100,3,ДОБРО
42.6324173054001,23.4124541889925,120,1,ДОБРО
42.6322263462453,23.4124614182142,110,1,ДОБРО
42.6241549680287,23.3996087816646,110,1,ДОБРО
42.6325220624913,23.4123946846542,120,1,ДОБРО
42.6322374634018,23.4123840573643,120,2,ДОБРО
42.6447810810607,23.3681249940773,1100,2,ДОБРО
42.6297758684911,23.4105721596633,1100,1,ДОБРО
42.6284818601854,23.3660724229966,120,2,ДОБРО
42.6384456223374,23.3958431998529,1100,1,ДОБРО
42.6319013603329,23.4124093238292,110,1,ДОБРО
42.6318093035517,23.4124393084148,110,1,ДОБРО
42.6292188505133,23.4124464531027,120,1,ДОБРО
42.6257276391266,23.3586355675514,120,1,ДОБРО
42.6294265515431,23.4123853088697,120,2,ДОБРО
42.6316071666553,23.4067033687933,110,1,ДОБРО
42.6297186949183,23.4123042974017,110,1,ДОБРО
42.6268660080709,23.3592828401114,120,1,ДОБРО
42.6323338601527,23.4105707352677,120,1,ДОБРО
42.6451381986719,23.3819983599482,1100,1,ДОБРО
42.6265586979571,23.3622178044946,110,1,ДОБРО
42.6297648580751,23.4120303640205,120,1,ДОБРО
42.6299620226616,23.4121878675154,110,1,ДОБРО
42.6310126428937,23.4068570311475,110,1,ДОБРО
42.6299237694938,23.4118475222149,110,1,ДОБРО
42.6299381335599,23.4112857580913,110,1,ДОБРО
42.6247155759015,23.4033677894413,120,2,ДОБРО
42.6312572999433,23.412337649112,110,1,ДОБРО
42.6278433034891,23.405951491252,110,2,ДОБРО
42.6257098961748,23.4014030609723,110,1,ДОБРО
42.6317557015847,23.4124134393015,120,1,ДОБРО
42.6311191521846,23.4124116876166,110,1,ДОБРО
42.644089682119,23.3667005282641,3000,2,ДОБРО
42.6268144925898,23.4048023014905,110,1,ДОБРО
42.6308791571017,23.4123008016517,120,1,ДОБРО
42.6311772241438,23.4176667079253,1100,3,ДОБРО
42.6282118889664,23.3610751536622,120,1,ДОБРО
42.6330139502496,23.4121320398946,110,1,ДОБРО
42.6372574718492,23.412586780935,120,1,ДОБРО
42.6277543822114,23.3737267883777,1100,4,ДОБРО
42.6389384313375,23.4069918870426,110,1,ДОБРО
42.6330880148435,23.4122252014934,120,2,ДОБРО
42.6306504679801,23.4044043483111,110,1,ДОБРО
42.6286386852911,23.4055680182591,110,2,ДОБРО
42.63296303083,23.4128538620144,110,1,ДОБРО
42.6300127206081,23.4060143586602,110,1,ДОБРО
42.6430208235575,23.3667083872689,3000,1,ДОБРО
42.6329767650584,23.4126883439371,120,1,ДОБРО
42.6286796139258,23.4057425536452,110,1,ДОБРО
42.6328647331301,23.4127960175684,120,1,ДОБРО
42.6373070740309,23.4126230894192,1100,2,ДОБРО
42.6329855760641,23.4128373666832,120,1,ДОБРО
42.6323862529371,23.4134520617648,110,1,ДОБРО
42.63244732175,23.4134198495156,110,1,ДОБРО
42.6269876285324,23.3649344289226,120,2,ДОБРО
42.6457796232687,23.3679818336774,1100,3,ДОБРО
42.6321812764399,23.413481307506,1100,1,ДОБРО
42.6264689419284,23.4042455388532,110,1,ДОБРО
42.6461820383691,23.3987272281806,1100,2,ДОБРО
42.6500949723546,23.3938089481094,1100,1,ДОБРО
42.6386716469714,23.4079880209207,110,2,ДОБРО
42.6269461496092,23.4096497509894,110,2,ДОБРО
42.6514086670903,23.3930739464505,1100,1,ДОБРО
42.6268307222058,23.4121996157581,110,1,ДОБРО
42.6252768021148,23.4021229679096,120,1,ДОБРО
42.6369953210525,23.4088481121168,110,1,ДОБРО
42.652464594499,23.3939873864153,1100,1,ДОБРО
42.6526401449322,23.3931471497817,1100,1,ДОБРО
42.6378721457545,23.3684482166468,3000,4,ДОБРО
42.6266821136673,23.4100571754493,120,2,ДОБРО
42.6279702101319,23.3656587871797,120,1,ДОБРО
42.6281436960184,23.3656229561237,120,2,ДОБРО
42.6456053029886,23.3675117198793,1100,3,ДОБРО
42.6351231475421,23.4086153222318,120,1,ДОБРО
42.6282028003808,23.3642058325866,120,1,ДОБРО
42.6281686455564,23.3642335125405,120,1,ДОБРО
42.629059500432,23.3747829708164,1100,2,ДОБРО
42.6243820193232,23.4060754421187,110,1,ДОБРО
42.6282720423158,23.3644040684629,120,1,ДОБРО
42.6283296227935,23.3644931647066,120,1,ДОБРО
42.6253171238712,23.4043876725394,110,1,ДОБРО
42.6282129691228,23.4127317875816,120,1,ДОБРО
42.6278031178362,23.3662758429693,120,1,ДОБРО
42.6249515520875,23.4037098637071,110,1,ДОБРО
42.632507940507,23.4108168904403,110,2,ДОБРО
42.6276804041104,23.3663771756637,120,1,ДОБРО
42.628422172911,23.4127690860434,120,1,ДОБРО
42.6275065847601,23.366645634604,120,1,ДОБРО
42.6303809290117,23.405594850718,110,1,ДОБРО
42.6276229432261,23.407523836302,120,1,ДОБРО
42.6274590494012,23.3666856943572,120,1,ДОБРО
42.6278829109687,23.4074969595203,3000,1,ДОБРО
42.636051658658,23.3701050197971,3000,2,ДОБРО
42.6312497893909,23.4066349885225,110,1,ДОБРО
42.6425196895347,23.3700596973077,3000,2,ДОБРО
42.6230770684157,23.4015486956442,120,2,ДОБРО
42.6446070181652,23.3682814748868,1100,2,ДОБРО
42.6255958834047,23.3609836928978,120,2,ДОБРО
42.643343047633,23.3674222799517,1100,4,ДОБРО
42.645044569692,23.3675331610523,3000,1,ДОБРО
42.6264703388483,23.4043708404373,110,1,ДОБРО
42.6230052392089,23.4013909918439,120,2,ДОБРО
42.6464320355663,23.3693578132643,1100,2,ДОБРО
42.6284960983563,23.3660741739363,110,1,ЗА ОБСУЖВАНЕ
42.6458721339405,23.3701676553504,1100,3,ДОБРО
42.6271872037028,23.3662710912673,120,1,ДОБРО
42.6472748281217,23.3690839876716,3000,1,ДОБРО
42.6270526108387,23.3661424572306,120,1,ДОБРО
42.6476837433146,23.3698356293448,3000,1,ДОБРО
42.6237088599307,23.4011798138436,120,1,ДОБРО
42.6397981365803,23.3707282501096,3000,2,ДОБРО
42.6255462153307,23.3586103829013,120,1,ДОБРО
42.6409012007297,23.3713892547211,3000,2,ДОБРО
42.6430786326281,23.3707137981006,3000,2,ДОБРО
42.6458264689687,23.3717166516516,1100,2,ДОБРО
42.6234079941792,23.4045061157996,120,2,ДОБРО
42.6451491795869,23.3717311631112,1100,2,ДОБРО
42.6449453420123,23.3724758546257,1100,2,ДОБРО
42.6457438660412,23.3725350214895,1100,2,ДОБРО
42.6469917781479,23.3719454630969,1100,2,ДОБРО
42.6464461922564,23.374584228963,3000,1,ДОБРО
42.6461169885156,23.3743471140554,3000,2,ДОБРО
42.6273299266412,23.3616333550913,120,1,ДОБРО
42.6479755718483,23.3748395938908,1100,1,ДОБРО
42.645586790446,23.3735215765569,3000,1,ДОБРО
42.6242490300877,23.4022744832645,110,1,ДОБРО
42.6436864973544,23.3729904623191,3000,3,ДОБРО
42.6421054960032,23.3719139661901,3000,2,ДОБРО
42.6392083094345,23.3748179932453,3000,1,ДОБРО
42.6390015190253,23.3750164538814,3000,1,ДОБРО
42.6466947415628,23.3718674606765,1100,3,ДОБРО
42.6293422037873,23.4051375915357,120,2,ДОБРО
42.6479344279697,23.370774845798,3000,1,ДОБРО
42.647960925797,23.3718248280381,3000,1,ДОБРО
42.6490587958543,23.3723821615136,3000,2,ДОБРО
42.6488004684437,23.3733516686464,3000,2,ДОБРО
42.6380948535046,23.3665661555083,3000,3,ДОБРО
42.6395479786699,23.3661222835986,3000,2,ДОБРО
42.6269843099878,23.3612357497612,120,1,ДОБРО
42.6338726710616,23.4071401698744,110,1,ДОБРО
42.6411197134719,23.3664571074078,3000,3,ДОБРО
42.6385222391994,23.4090202097904,110,2,ДОБРО
42.6298954394761,23.4074127596761,110,2,ДОБРО
42.6416817684363,23.3666556941981,3000,3,ДОБРО
42.6422190800164,23.3670801783743,3000,2,ДОБРО
42.6430852908981,23.3666348074545,3000,1,ДОБРО
42.6322225541572,23.3733295847303,2250,3,ДОБРО
42.6280942672047,23.406469395271,110,3,ДОБРО
42.6383564439511,23.4107323519683,110,1,ДОБРО
42.6343950823546,23.3988651350949,3000,2,ДОБРО
42.6261362262421,23.3634796003606,110,1,ДОБРО
42.6254209050752,23.4027782605928,110,2,ДОБРО
42.6259766899716,23.3638647553203,120,1,ДОБРО
42.6273638963772,23.4125051744749,110,1,ДОБРО
42.6259847246921,23.3637802774169,120,1,ДОБРО
42.6254305256417,23.3598942688769,120,1,ДОБРО
42.6260144283151,23.363327787522,120,1,ДОБРО
42.6259324549655,23.3632360382806,120,1,ДОБРО
42.6295097578208,23.4114512525051,110,2,ДОБРО
42.6259622699295,23.3614456038288,120,1,ДОБРО
42.6389543677657,23.4094896233213,120,3,ДОБРО
42.6261274817287,23.3602697731421,120,1,ДОБРО
42.6286933540366,23.4111210778123,110,1,ДОБРО
42.6262005825179,23.3617208914383,120,2,ДОБРО
42.6263712245289,23.3620833849024,120,1,ДОБРО
42.626428078337,23.3620382425915,120,1,ДОБРО
42.626527914902,23.3621858053462,120,1,ДОБРО
42.6258896701971,23.3615444234066,120,1,ДОБРО
42.6314391567459,23.4066954356357,110,2,ДОБРО
42.6252909725188,23.3801874108228,3000,1,ДОБРО
42.6526273563004,23.3681676087825,1100,2,ДОБРО
42.6246631796624,23.4061103746631,3000,1,ДОБРО
42.6311732180701,23.4064893259955,110,1,ДОБРО
42.6306139128087,23.4122366527852,110,1,ДОБРО
42.631210844671,23.4064623117991,110,3,ДОБРО
42.6294616161813,23.4107307884418,1100,1,ДОБРО
42.6312331515877,23.406694807656,110,1,ДОБРО
42.6312394215413,23.4064232448193,110,3,ДОБРО
42.6306829743353,23.4046212714939,110,2,ДОБРО
42.6305883539854,23.4043047154301,110,1,ДОБРО
42.6233027350645,23.4052935047662,3000,2,ДОБРО
42.6309713339145,23.405414317374,110,1,ДОБРО
42.6310548880181,23.4058877356007,110,2,ДОБРО
42.6310251841453,23.4044937267178,110,2,ДОБРО
42.6497193077651,23.3731259626174,1100,1,ДОБРО
42.6311173616107,23.4061942985867,110,2,ДОБРО
42.6269457206623,23.3594314951586,120,1,ДОБРО
42.6269896662675,23.3596439987305,120,1,ДОБРО
42.6273698138314,23.3598430179401,120,1,ДОБРО
42.627447026716,23.3598770704043,120,2,ДОБРО
42.6264142852671,23.363874421554,120,1,ДОБРО
42.6263729089281,23.3638504241022,110,1,ДОБРО
42.6261452180837,23.3634233510573,120,1,ДОБРО
42.6386979295555,23.408996795268,110,1,ДОБРО
42.6274907936294,23.3600463152869,120,1,ДОБРО
42.6275452188403,23.3601421793522,120,1,ДОБРО
42.6241694037105,23.4045351993676,110,1,ДОБРО
42.6270591180292,23.4083301825544,110,2,ДОБРО
42.6252846959303,23.3599484359983,120,1,ДОБРО
42.6250541111317,23.3600160718364,120,1,ДОБРО
42.6401268180757,23.404273439006,120,2,ДОБРО
42.6247413011606,23.3601092941306,120,1,ДОБРО
42.6277561497604,23.3636927210679,110,1,ДОБРО
42.6244465493606,23.3601878869268,120,1,ДОБРО
42.6257297156232,23.3598322135257,120,1,ДОБРО
42.6366258200994,23.4093524303916,120,1,ДОБРО
42.6255018577602,23.4064232214341,110,2,ДОБРО
42.6251504893016,23.3599245259085,120,1,ДОБРО
42.6268193947142,23.3625960010436,120,1,ДОБРО
42.626426545542,23.3593470853618,120,1,ДОБРО
42.6251675763865,23.3621660450991,120,1,ДОБРО
42.6263625274825,23.3594117430081,120,3,ДОБРО
42.6270157521102,23.3645453264926,120,2,ДОБРО
42.6264557620403,23.3609975239577,110,2,ДОБРО
42.6352903809473,23.3799612723618,3000,2,ДОБРО
42.6332093904661,23.3782674985138,3000,3,ДОБРО
42.6333392714964,23.3798296347726,3000,1,ДОБРО
42.6339257067581,23.372812020455,3000,2,ДОБРО
42.6344672928669,23.3776907433647,3000,2,ДОБРО
42.6328392763568,23.3733200184485,2250,2,ДОБРО
42.6337871084234,23.3748695720804,3000,3,ДОБРО
42.6324723691736,23.3762830371736,3000,1,ДОБРО
42.6361991939562,23.4117519398823,110,2,ДОБРО
42.6322186341754,23.3801653828624,3000,2,ДОБРО
42.6321484310652,23.3792623721625,3000,1,ДОБРО
42.6310603245242,23.4069432785456,110,3,ДОБРО
42.6319414778871,23.4101522391469,110,1,ДОБРО
42.63133406455,23.4069476618747,110,2,ДОБРО
42.6356006287136,23.4072598533061,1100,1,ДОБРО
42.6314828967675,23.4115154760614,110,1,ДОБРО
42.6354781306504,23.3787388935264,3000,2,ДОБРО
42.6263078926115,23.4046647013434,120,2,ДОБРО
42.6349831593431,23.3750666826395,3000,3,ДОБРО
42.6316602297435,23.3776373113584,3000,1,ДОБРО
42.6578511129793,23.3871427705242,1100,3,ДОБРО
42.6272848191968,23.3616060216855,120,1,ДОБРО
42.6314599808538,23.3769112476198,3000,2,ДОБРО
42.6350376158199,23.3991091944057,3000,1,ДОБРО
42.6276081573986,23.4058083744611,120,2,ДОБРО
42.6351742105798,23.4007383447614,3000,2,ДОБРО
42.6242946784394,23.4047119589675,110,1,ДОБРО
42.6278349581539,23.3752740087885,3000,2,ДОБРО
42.627376856739,23.4085209130711,110,2,ДОБРО
42.6275848014684,23.4025728977897,1100,1,ДОБРО
42.6355810139285,23.4017473168834,3000,1,ДОБРО
42.6340756481264,23.4019860354258,3000,1,ДОБРО
42.6274029204335,23.4053923291854,110,1,ДОБРО
42.6336327365301,23.4006595331828,3000,2,ДОБРО
42.6241481232683,23.361795321642,1100,1,ДОБРО
42.6242057133463,23.4024494207892,110,1,ДОБРО
42.6251272310646,23.3621818116877,240,1,ДОБРО
42.6250618189541,23.3620968203896,120,1,ДОБРО
42.6250196398423,23.3621000231985,120,1,ДОБРО
42.6248366198032,23.3618638601663,120,3,ДОБРО
42.6276237849565,23.36544210319,120,1,ДОБРО
42.627636938478,23.3654193529619,120,1,ДОБРО
42.6274782859629,23.3653930534967,120,1,ЗА ОБСУЖВАНЕ
42.6233286585467,23.4024874034746,120,1,ДОБРО
42.6239590750855,23.3736399464978,1100,4,ДОБРО
42.6273903461515,23.3652556120131,120,1,ДОБРО
42.6314166743803,23.4097594682593,110,1,ДОБРО
42.6248540415379,23.3611781136227,120,1,ДОБРО
42.6250475059248,23.3607474806483,120,1,ДОБРО
42.641369474017,23.4000516304216,1100,10,ДОБРО
42.6252152369329,23.3603682093615,120,1,ДОБРО
42.624932203953,23.3620861081412,120,1,ДОБРО
42.6401012762984,23.3754906554951,3000,1,ДОБРО
42.6248655181936,23.361985948261,120,1,ДОБРО
42.626933436979,23.4121571768417,1100,1,ДОБРО
42.6250811405235,23.3851741301913,3000,2,ДОБРО
42.6252518010793,23.3792650944088,3000,2,ДОБРО
42.6228834174179,23.4010719605445,120,1,ДОБРО
42.6253293054207,23.3819208984267,3000,1,ДОБРО
42.6277080853782,23.3621034812404,120,3,ДОБРО
42.625970032682,23.3819689695819,3000,3,ДОБРО
42.6277292651006,23.4099449740552,110,3,ДОБРО
42.6237505922762,23.3802126376816,1100,3,ДОБРО
42.6304493957423,23.4066250914522,1100,1,ДОБРО
42.6339239403974,23.4121266908472,110,1,ДОБРО
42.6267379913179,23.3736296439353,1100,5,ДОБРО
42.6392512721553,23.3817893892693,3000,1,ДОБРО
42.6245292484245,23.4030155409039,110,4,ДОБРО
42.6274444176714,23.4124144916983,120,1,ДОБРО
42.624258060786,23.4025870122057,120,4,ДОБРО
42.6246732894695,23.4012071776751,110,1,ДОБРО
42.6387328761803,23.4090953127947,110,2,ДОБРО
42.624188350267,23.4024284508921,110,1,ДОБРО
42.623917460596,23.4019490156144,110,1,ДОБРО
42.6239895814219,23.4019555705639,110,1,ДОБРО
42.6246574664589,23.4012599321121,120,2,ДОБРО
42.6238567675388,23.4015449431561,110,2,ДОБРО
42.623852776805,23.4013944329443,110,3,ДОБРО
42.6392354830857,23.4091830064054,110,1,ДОБРО
42.623831095613,23.4011869678015,120,1,ДОБРО
42.6246655228063,23.4014425261496,110,2,ДОБРО
42.6236941502489,23.4010330608813,110,1,ДОБРО
42.6378222207185,23.4085120374238,120,4,ДОБРО
42.623668879947,23.4009638890994,110,3,ДОБРО
42.6374991004466,23.4083521729279,1100,2,ДОБРО
42.6239359609664,23.4005737394091,120,2,ДОБРО
42.6240861896289,23.4001559097653,110,1,ДОБРО
42.6275015583808,23.4111211698773,120,1,ДОБРО
42.6286741460453,23.3627177745059,120,1,ДОБРО
42.6296344030812,23.3631881733456,120,1,ДОБРО
42.6286584779494,23.3643524726241,110,1,ДОБРО
42.6287310424783,23.3643109184408,120,1,ДОБРО
42.629396407157,23.3636070518446,120,1,ДОБРО
42.6290678920131,23.3660905039439,120,2,ДОБРО
42.6289681187252,23.366235969625,120,1,ДОБРО
42.6387257588439,23.3815209222566,3000,2,ДОБРО
42.62855717245,23.3661945417369,120,1,ДОБРО
42.6285998385501,23.3672271885702,1100,4,ДОБРО
42.652969702367,23.3696442665607,1100,2,ДОБРО
42.6287054546217,23.3668235263935,120,1,ДОБРО
42.6505386514673,23.3699492639784,1100,2,ДОБРО
42.6247360272385,23.4015207127945,120,1,ДОБРО
42.6247747887583,23.4063774103992,3000,1,ДОБРО
42.6286987379858,23.3668349971817,120,1,ДОБРО
42.6283798064198,23.366073598643,120,1,ДОБРО
42.6290078724233,23.3617364934434,120,1,ДОБРО
42.6292258492979,23.3656794229212,120,1,ДОБРО
42.6266391304106,23.4122050728542,110,1,ДОБРО
42.6264924743608,23.4121736357515,110,1,ДОБРО
42.626902950173,23.4121680669882,120,1,ДОБРО
42.627264785013,23.4120791806386,1100,1,ДОБРО
42.6270772056318,23.4122267216585,120,2,ДОБРО
42.6330573344735,23.4111042327892,120,1,ДОБРО
42.6274555381692,23.4125407237998,120,1,ДОБРО
42.6283118281224,23.4126527133276,110,1,ДОБРО
42.6544453481932,23.3855625910766,1100,2,ДОБРО
42.6298589957414,23.412598988815,120,1,ДОБРО
42.6268128882678,23.3661269608394,120,1,ДОБРО
42.628589211142,23.4124651846555,110,1,ДОБРО
42.6263276858004,23.3656882961325,120,1,ДОБРО
42.6394719108905,23.4056344918687,1100,1,ДОБРО
42.6286296316514,23.4125745774403,1100,1,ДОБРО
42.6286397189073,23.4125822266414,110,2,ДОБРО
42.6286922000298,23.4059087202003,120,1,ДОБРО
42.6338856172764,23.4122378960412,120,1,ДОБРО
42.6365038682211,23.4120946202556,110,1,ДОБРО
42.6270365279976,23.3612580703086,120,1,ДОБРО
42.6363353204143,23.4124046584859,1100,1,ДОБРО
42.6367379008832,23.4123245134448,120,1,ДОБРО
42.6374395799192,23.4068683263748,1100,4,ДОБРО
42.6327634644704,23.410915421913,120,1,ДОБРО
42.6289581926497,23.4052185606075,110,1,ДОБРО
42.632775383189,23.4109233004028,120,2,ДОБРО
42.6368368617227,23.4109907761686,120,1,ДОБРО
42.6276473569294,23.4053429540307,120,1,ДОБРО
42.636792653488,23.4108398755918,110,1,ДОБРО
42.6273125098809,23.4118701824984,120,1,ДОБРО
42.6338648333651,23.4103591698922,110,1,ДОБРО
42.6299713037232,23.4063213049682,110,1,ДОБРО
42.6258087244167,23.3652039334659,120,1,ДОБРО
42.6339034443536,23.4096261790927,1100,2,ДОБРО
42.6255455298989,23.3644356661622,120,1,ДОБРО
42.6348774842382,23.4101167946315,110,1,ДОБРО
42.6351444511385,23.4100867736084,3000,2,ДОБРО
42.6335342753436,23.4070180267012,110,2,ДОБРО
42.6333289630378,23.4067765515328,120,1,ДОБРО
42.6339642009289,23.4114060538506,110,1,ДОБРО
42.6235627619901,23.4056692828386,110,2,ДОБРО
42.636139384722,23.411401691629,110,1,ДОБРО
42.6269919967583,23.3649435858879,120,1,ДОБРО
42.6343362067814,23.407817214652,120,1,ДОБРО
42.6343283147523,23.4076686405432,110,1,ДОБРО
42.6358353375877,23.4081157972174,3000,1,ДОБРО
42.6353267781907,23.408551714821,3000,1,ДОБРО
42.6369932996017,23.4079998962236,120,1,ДОБРО
42.6369954592759,23.4089180057743,120,1,ДОБРО
42.6370228532897,23.4087364072299,110,2,ДОБРО
42.6362770501436,23.4104712683127,120,1,ДОБРО
42.6370198006188,23.4093809538476,1100,2,ДОБРО
42.636815261902,23.4097104868545,120,1,ДОБРО
42.6362991692287,23.4095576996136,1100,1,ДОБРО
42.6272275403928,23.4084209249981,110,2,ДОБРО
42.6281761129581,23.4106696082416,110,2,ДОБРО
42.6274334013092,23.4084074528433,110,1,ДОБРО
42.6252817343912,23.3623519948515,110,1,ДОБРО
42.6293585090577,23.4086579418666,110,1,ДОБРО
42.6253280965757,23.3623297439195,120,2,ДОБРО
42.6274385171339,23.4086244363488,120,2,ДОБРО
42.624206439139,23.4001218298183,120,1,ДОБРО
42.6273570047257,23.4095569228903,110,1,ДОБРО
42.6255791523673,23.4012175642127,110,1,ДОБРО
42.6271861628222,23.4097444805887,120,1,ДОБРО
42.6272731517648,23.4096311682209,110,2,ДОБРО
42.6251759704651,23.4007503619558,110,1,ДОБРО
42.6270955992586,23.4095920319292,110,2,ДОБРО
42.6256350998428,23.4013530361759,120,1,ДОБРО
42.6274869545385,23.4108991633292,120,1,ДОБРО
42.6274394851485,23.4112213535452,1100,1,ДОБРО
42.6274084689376,23.4102767054305,120,1,ДОБРО
42.62724521682,23.4103569576498,110,1,ДОБРО
42.627188343985,23.4104245507727,120,2,ДОБРО
42.627117190024,23.4104141052402,110,1,ДОБРО
42.6274259655534,23.4114751944811,120,1,ДОБРО
42.6269718210518,23.410202685916,120,1,ДОБРО
42.6269769945199,23.4049037740387,110,1,ДОБРО
42.6269374529604,23.4048518770176,110,2,ДОБРО
42.6267330314119,23.4046888898701,120,1,ДОБРО
42.6266415574899,23.4045076103599,120,2,ДОБРО
42.6294141685596,23.4102063176411,110,1,ДОБРО
42.6295382099025,23.4104430168036,110,1,ДОБРО
42.6299968354478,23.4106287198907,110,1,ДОБРО
42.6295897799114,23.4114068717838,110,1,ДОБРО
42.6292820325118,23.4114738934189,120,1,ДОБРО
42.6257397845591,23.4033719691611,110,1,ДОБРО
42.629032776713,23.4112581282075,110,2,ДОБРО
42.6257311674791,23.4033464344026,120,1,ДОБРО
42.6288059139187,23.411226418419,120,1,ДОБРО
42.6257693410083,23.4102493690862,120,3,ДОБРО
42.6267899369243,23.3646259476213,120,3,ДОБРО
42.6289049475433,23.4111468038127,110,2,ДОБРО
42.6286741411586,23.4110070822278,110,2,ДОБРО
42.6327576311318,23.4092347871039,110,1,ДОБРО
42.6286088473026,23.411044086734,120,2,ДОБРО
42.6285608851175,23.4109579114492,110,2,ДОБРО
42.6258243904839,23.4034690584337,110,2,ДОБРО
42.6285585738948,23.4109728977364,120,2,ДОБРО
42.6284081726688,23.4110009553348,120,2,ДОБРО
42.625765879587,23.3695118051908,3000,2,ДОБРО
42.6319993067442,23.4103490024956,120,1,ДОБРО
42.6319646757641,23.4102280994282,120,1,ДОБРО
42.6319417452742,23.4101144947733,120,2,ДОБРО
42.6383725137124,23.4110331700475,110,1,ДОБРО
42.6317383894228,23.4099637460811,110,1,ДОБРО
42.6302995539147,23.4072252897764,110,2,ДОБРО
42.6257130158487,23.36464770751,120,1,ДОБРО
42.6296074097536,23.4050853169279,120,2,ДОБРО
42.6325910005804,23.4108051458507,110,1,ДОБРО
42.6328219493493,23.4108472933229,1100,1,ДОБРО
42.6330772230601,23.4106894949282,120,1,ДОБРО
42.6318542967168,23.40477803827,120,2,ДОБРО
42.6316468623635,23.4045089856586,110,1,ДОБРО
42.6265181594642,23.3640149237012,120,1,ДОБРО
42.6321966065554,23.4051365370445,110,2,ДОБРО
42.6273829140919,23.3671843388151,1100,1,ДОБРО
42.6321035015758,23.4052482945618,120,3,ДОБРО
42.6263867686781,23.4113238992316,110,1,ДОБРО
42.6330855775741,23.408203746786,1100,2,ДОБРО
42.6330912568375,23.4083317739537,110,2,ДОБРО
42.6257745959075,23.3630002295542,120,1,ДОБРО
42.6376363538585,23.4095238946846,120,1,ДОБРО
42.6330691409925,23.4080028027596,110,2,ДОБРО
42.6322994332318,23.4089829006878,120,1,ДОБРО
42.6319892917282,23.4087964653889,120,1,ДОБРО
42.6321694056371,23.409086153913,120,1,ДОБРО
42.6387362696994,23.4094344067416,110,1,ДОБРО
42.6277928449271,23.4096479942168,120,1,ДОБРО
42.6388804966904,23.408972697085,120,3,ДОБРО
42.6281342413348,23.4107993484232,110,1,ДОБРО
42.6281331535023,23.4107528292918,120,1,ДОБРО
42.6280492895312,23.4063693726097,110,3,ДОБРО
42.6369158573304,23.4109053296032,110,2,ДОБРО
42.6280923259368,23.4061354785676,110,2,ДОБРО
42.6280634107862,23.4060258835647,110,1,ДОБРО
42.6285682335758,23.4069643540607,110,1,ДОБРО
42.6282182911633,23.4067040447297,120,2,ДОБРО
42.627851532757,23.4061302751545,120,3,ДОБРО
42.6361930673994,23.4106180458752,3000,1,ДОБРО
42.627435640571,23.405491243955,120,1,ДОБРО
42.6276404577422,23.4054043213475,110,1,ДОБРО
42.6275702274963,23.4056853313188,120,1,ДОБРО
42.6261433781194,23.405350049684,110,2,ДОБРО
42.6270820291045,23.371738372089,3000,2,ДОБРО
42.6390120648207,23.4077807642502,120,1,ДОБРО
42.6270180519017,23.3698309603228,3000,2,ДОБРО
42.6254642259235,23.3718747742625,3000,2,ДОБРО
42.6271843073011,23.3651455935064,120,3,ДОБРО
42.6272523514218,23.365168999651,110,1,ДОБРО
42.6260405943932,23.3653992115173,120,1,ДОБРО
42.6269376134318,23.3648331718641,110,1,ДОБРО
42.6256261139747,23.4098965213321,120,1,ДОБРО
42.6269005381057,23.3644570100998,120,2,ДОБРО
42.6266758153159,23.3643421168536,120,1,ЗА ОБСУЖВАНЕ
42.6264150892278,23.4112280141333,110,1,ДОБРО
42.6266526824835,23.364181257699,120,1,ДОБРО
42.6258664844109,23.4105596307216,120,1,ДОБРО
42.6266319053565,23.3642102198747,120,1,ДОБРО
42.627316219618,23.3662086060461,120,1,ДОБРО
42.6272232289957,23.3662176379062,120,1,ДОБРО
42.6269845691091,23.3661668416417,120,1,ДОБРО
42.6256772060709,23.3627731905887,120,1,ДОБРО
42.62562607686,23.364529629238,120,1,ДОБРО
42.6254841172798,23.3645628535905,120,1,ДОБРО
42.6256601670074,23.3610162729185,120,1,ДОБРО
42.6255307069894,23.3625904994524,120,2,ДОБРО
42.6251869633433,23.3584909307769,120,1,ДОБРО
42.6253177672703,23.3604485209865,120,1,ДОБРО
42.6252770412832,23.3606352118736,120,1,ДОБРО
42.6257646405801,23.362796956322,110,1,ДОБРО
42.6265556476485,23.362388361068,110,1,ДОБРО
42.626704323172,23.3623870688997,120,1,ДОБРО
42.6269186188097,23.3625002284848,120,1,ДОБРО
42.6270548105287,23.3628453690654,120,1,ДОБРО
42.6270589770951,23.3628662981702,110,1,ДОБРО
42.6270835029714,23.3629558228343,120,2,ДОБРО
42.6273606249629,23.3632823423022,120,1,ДОБРО
42.6274675888001,23.363369150477,120,1,ДОБРО
42.6274998657293,23.3635454749968,120,1,ДОБРО
42.6273467319104,23.3616089992074,120,1,ДОБРО
42.6273377426423,23.3616346124383,120,1,ДОБРО
42.6306583833054,23.4059265221222,110,4,ДОБРО
42.6593234464897,23.3830660785817,1100,4,ДОБРО
42.627033117244,23.3613209053503,120,2,ДОБРО
42.6267262761628,23.360863412323,120,1,ДОБРО
42.6387788063706,23.4091525421828,110,2,ДОБРО
42.6301504546468,23.4073319593288,110,2,ДОБРО
42.6292756468459,23.4072758580643,110,7,ДОБРО
42.6384321796886,23.410508878756,120,1,ДОБРО
42.6297158757605,23.406704560041,110,1,ДОБРО
42.6298134578545,23.406555085195,110,2,ДОБРО
42.6286700154883,23.4059971375604,110,3,ДОБРО
42.62979719672,23.4065746965093,110,1,ДОБРО
42.6299709512095,23.4064346941497,110,1,ДОБРО
42.630283727568,23.4057227784693,110,1,ДОБРО
42.6305080208906,23.4040480400457,110,2,ДОБРО
42.6304216524848,23.4039908881742,110,1,ДОБРО
42.6303926704523,23.4038814846878,110,1,ДОБРО
42.6303506415109,23.4037668701345,110,1,ЗА ОБСУЖВАНЕ
42.6302840654325,23.4038336519062,110,1,ДОБРО
42.630323027085,23.4036503997989,110,1,ДОБРО
42.6303099157778,23.4037367112978,110,2,ДОБРО
42.6301348564836,23.4033081266572,110,1,ДОБРО
42.6302017858623,23.4033242051434,110,2,ДОБРО
42.6397069253331,23.3817052849293,3000,1,ДОБРО
42.6300257579302,23.4031362339265,110,2,ДОБРО
42.6298513717692,23.4029704536708,110,1,ДОБРО
42.6279770125579,23.4090752620426,120,2,ДОБРО
42.6235801229571,23.4045276473669,110,1,ДОБРО
42.6278066617733,23.4089624852149,120,2,ДОБРО
42.6279058428085,23.4090802975413,110,1,ДОБРО
42.6248553327036,23.4018788036429,120,1,ДОБРО
42.6276811710157,23.4089300512369,110,2,ДОБРО
42.6280453683248,23.4090256806182,120,1,ДОБРО
42.6301988986734,23.4050040639369,120,1,ДОБРО
42.6280106897788,23.4090852945278,110,1,ДОБРО
42.6285275685919,23.4095385553085,120,1,ДОБРО
42.6282955604172,23.4094891324979,120,1,ДОБРО
42.6289511680035,23.4099289317253,110,2,ДОБРО
42.6226857132291,23.4037143596027,1100,1,ДОБРО
42.6284525171719,23.4088649070028,120,4,ДОБРО
42.6373163169679,23.4086082917765,110,2,ДОБРО
42.6285531042503,23.4088948858966,110,1,ДОБРО
42.6295348878662,23.408690720453,120,1,ДОБРО
42.6289951145604,23.4099998401463,110,1,ДОБРО
42.6267469648533,23.4100867066852,120,2,ДОБРО
42.624242739615,23.3993812670968,110,1,ДОБРО
42.626723936741,23.4100065344541,110,1,ДОБРО
42.6266428238912,23.4098760375621,120,1,ДОБРО
42.6263149387267,23.4095795633259,120,2,ДОБРО
42.6515028633351,23.3728632851826,1100,4,ДОБРО
42.6382201020016,23.4112126068658,110,1,ДОБРО
42.6264008715208,23.4096512019043,110,2,ДОБРО
42.6280507729101,23.4107277489387,110,2,ДОБРО
42.6377300023793,23.4084265458245,120,1,ДОБРО
42.6283549666452,23.4108648302665,110,2,ДОБРО
42.6376588922953,23.4083683762874,110,1,ДОБРО
42.6278079364132,23.4106293229443,110,3,ДОБРО
42.6375654241866,23.4082969851004,110,1,ДОБРО
42.6277546345703,23.4105729131793,110,1,ДОБРО
42.6283615325516,23.4108268931903,110,1,ДОБРО
42.6304486724859,23.4072035819317,110,2,ДОБРО
42.6304543807088,23.4067270942403,110,1,ДОБРО
42.6304175859203,23.4066396484688,110,1,ДОБРО
42.642938040675,23.4016526614349,1100,1,ДОБРО
42.6305637016757,23.405202615931,110,1,ДОБРО
42.6267603899994,23.4025643258305,1100,3,ДОБРО
42.6306660069821,23.4051518920826,110,1,ДОБРО
42.6305349298027,23.4041011925914,110,1,ДОБРО
42.6308172071357,23.4069601073288,110,2,ДОБРО
42.6264428415488,23.4057490259811,110,3,ДОБРО
42.6308394881427,23.4070689059493,110,1,ДОБРО
42.6388400084246,23.4094120434189,120,2,ДОБРО
42.6309259632363,23.4087384817641,3000,1,ДОБРО
42.6312669544372,23.4110768637854,110,1,ДОБРО
42.6312456706511,23.4110874681441,110,1,ДОБРО
42.631340420097,23.4112893218021,110,1,ДОБРО
42.6314846411632,23.411489008211,110,2,ДОБРО
42.6302544519946,23.4049633386327,120,1,ДОБРО
42.6301530440155,23.4050443230539,110,1,ДОБРО
42.6299821947352,23.4050684511935,120,1,ДОБРО
42.6298716663926,23.4051074439327,120,2,ДОБРО
42.6286628743144,23.4057840014367,110,2,ДОБРО
42.6296835291457,23.4050896039683,120,2,ДОБРО
42.6387548533693,23.4075156377227,120,1,ДОБРО
42.6297304873329,23.4050959695422,120,2,ДОБРО
42.6212789317671,23.4085544161194,1100,1,ДОБРО
42.6292412699506,23.4050928948015,110,2,ДОБРО
42.6397357539459,23.4082504559235,110,2,ДОБРО
42.629338162542,23.4051244742685,120,1,ДОБРО
42.6275073290319,23.4053502174174,120,2,ДОБРО
42.6291149705857,23.4050149191628,120,1,ДОБРО
42.6391736730732,23.4077949651789,110,1,ДОБРО
42.6292641698639,23.4050716305771,120,3,ДОБРО
42.6284988079305,23.4050000680565,120,1,ДОБРО
42.6392798894738,23.4078927143728,120,2,ДОБРО
42.6280029858333,23.4050887963648,110,2,ДОБРО
42.6279970251584,23.4050975651555,1100,1,ДОБРО
42.638766203112,23.4092976031529,1100,1,ДОБРО
42.6278968373858,23.4050840088535,120,1,ДОБРО
42.6277544461689,23.4051124369698,110,2,ДОБРО
42.6276475574978,23.405138689025,110,1,ДОБРО
42.6274061323848,23.4040930656825,120,1,ДОБРО
42.6273764697763,23.4039932589023,1100,1,ДОБРО
42.627073469324,23.4037262181908,120,1,ДОБРО
42.6236310816467,23.4075617183557,1100,1,ДОБРО
42.6274131615294,23.4030207364914,1100,1,ДОБРО
42.6272817596446,23.4039422740798,110,2,ДОБРО
42.6271336236876,23.4038296673294,120,2,ДОБРО
42.6271320989483,23.4036988279129,120,2,ДОБРО
42.6269130745044,23.404056687785,110,1,ДОБРО
42.6247074517004,23.4053511418607,120,1,ДОБРО
42.6266064610935,23.40838933006,110,1,ДОБРО
42.6267050934503,23.4079304347958,110,1,ДОБРО
42.6266312220496,23.4078045203156,110,2,ДОБРО
42.6265762364502,23.4075500646702,1100,3,ДОБРО
42.6259664070506,23.4084555444627,1100,2,ДОБРО
42.6260505394787,23.4088975657909,120,2,ДОБРО
42.6261322080268,23.4090597444847,110,1,ДОБРО
42.6387192865066,23.4092255450466,110,1,ДОБРО
42.6263331631086,23.4067872603563,3000,1,ДОБРО
42.6265453336628,23.4063792815991,110,1,ДОБРО
42.6265128834797,23.4063682191333,120,1,ДОБРО
42.6267259054673,23.406800724703,110,1,ДОБРО
42.6266145095781,23.4067199335323,120,1,ДОБРО
42.6266660249578,23.4060011257805,110,2,ДОБРО
42.6264457652471,23.405906457541,110,1,ДОБРО
42.6265455183832,23.4056992185794,110,2,ДОБРО
42.6263815621402,23.4057273453421,110,2,ДОБРО
42.6263290896363,23.4056128653906,110,3,ДОБРО
42.6262451604997,23.4055278837379,110,2,ДОБРО
42.6262318731317,23.4052998628633,120,1,ДОБРО
42.6259772851528,23.405031059126,110,2,ДОБРО
42.6265773882604,23.4043209769292,110,1,ДОБРО
42.6263178571634,23.4041167999934,110,1,ДОБРО
42.6267500477792,23.4040704281345,110,2,ДОБРО
42.6263060952301,23.4045762089044,110,1,ДОБРО
42.6263596006577,23.4040381816339,110,1,ДОБРО
42.6261183332676,23.4038826812838,120,1,ДОБРО
42.6260606622744,23.4037822942686,1100,1,ДОБРО
42.6268585088654,23.408213045994,110,1,ДОБРО
42.6268614755328,23.4079265188554,110,2,ДОБРО
42.6271946603305,23.4080973141694,120,1,ДОБРО
42.6266859440298,23.4024794326181,120,1,ДОБРО
42.6285646187906,23.4079783072794,3000,2,ДОБРО
42.6275290997906,23.4087228294047,120,5,ДОБРО
42.6275756923376,23.4088595247461,110,1,ДОБРО
42.6277165352016,23.4086895983846,110,1,ДОБРО
42.6277164250124,23.4088441846556,110,2,ДОБРО
42.6393296732093,23.3815915659716,3000,1,ДОБРО
42.6262518568195,23.4020647447057,110,2,ДОБРО
42.6274327801489,23.4071709117623,3000,1,ДОБРО
42.6256682251967,23.4014418061756,120,1,ДОБРО
42.6277755241759,23.407828851586,120,2,ДОБРО
42.627463239534,23.4072031774425,120,2,ДОБРО
42.6275111949856,23.4074561218431,120,1,ДОБРО
42.6273021614425,23.407010735987,110,1,ДОБРО
42.6271025179699,23.4069176094129,110,2,ДОБРО
42.6269840557196,23.4069022765704,110,1,ДОБРО
42.6268973119149,23.4067892887505,110,2,ДОБРО
42.6269596815767,23.4071102606732,110,1,ДОБРО
42.6272524843403,23.4072408899458,120,1,ДОБРО
42.6273051237583,23.4072860261129,110,1,ДОБРО
42.6273523622777,23.4072506214336,110,1,ДОБРО
42.6282120090582,23.3608488943617,120,1,ДОБРО
42.6283697949556,23.3609332143319,110,1,ДОБРО
42.628382701312,23.3609105351725,120,1,ДОБРО
42.6288559480916,23.3615825617864,110,1,ЗА ОБСУЖВАНЕ
42.6257883299399,23.4033934964947,110,1,ДОБРО
42.6288773037572,23.3614465765153,120,1,ДОБРО
42.6286862006363,23.3619522964907,120,2,ДОБРО
42.6399234931783,23.4035814783527,1100,1,ДОБРО
42.6277069195761,23.3636396372223,120,1,ДОБРО
42.6276951898026,23.3636720313927,120,1,ДОБРО
42.6279240383677,23.3639107294133,120,1,ДОБРО
42.6463112002369,23.3928975755384,1100,3,ДОБРО
42.627847923106,23.3623387954874,120,1,ДОБРО
42.6279644746072,23.3624425847643,120,1,ДОБРО
42.6276011552937,23.3619834385933,120,1,ДОБРО
42.6289016356289,23.3637845295959,120,1,ДОБРО
42.6252453658548,23.4063016546331,120,2,ДОБРО
42.6287683054571,23.3635219199363,110,1,ДОБРО
42.6287524692671,23.3634012187509,120,1,ДОБРО
42.6286116679567,23.3632575027112,120,1,ДОБРО
42.628500354366,23.3630837256754,120,1,ДОБРО
42.6283495258471,23.3629216652627,120,1,ДОБРО
42.6283727862489,23.3628829974045,120,1,ДОБРО
42.6281899260861,23.3626966636707,120,1,ДОБРО
42.6281731403178,23.3625638201413,120,1,ДОБРО
42.6228029009654,23.4029341877902,110,1,ДОБРО
42.6276846861917,23.3601880809009,120,1,ДОБРО
42.6385963709259,23.4072438221578,110,1,ДОБРО
42.627695287667,23.3601924490978,120,1,ДОБРО
42.6278514582395,23.3604687655559,120,1,ЗА ОБСУЖВАНЕ
42.6392592814496,23.4070748549824,110,2,ДОБРО
42.6279135169795,23.3604042332375,120,2,ДОБРО
42.6245116879057,23.4080500340528,110,2,ДОБРО
42.6243410533296,23.407708980379,110,1,ДОБРО
42.6252623470011,23.4080007352768,110,1,ДОБРО
42.625263924769,23.4071293779765,120,2,ДОБРО
42.6247320197963,23.4077898721352,1100,2,ДОБРО
42.6252952777984,23.4061416739112,120,1,ДОБРО
42.6254119476515,23.4091315197718,110,1,ДОБРО
42.6253855956771,23.409269569661,120,1,ДОБРО
42.6254695112593,23.4095472810354,120,2,ДОБРО
42.6493851025023,23.3733119350852,1100,2,ДОБРО
42.6254730454482,23.4094893125191,110,1,ДОБРО
42.6246764074806,23.4078548510704,110,2,ДОБРО
42.6246475202737,23.4054485184388,120,1,ДОБРО
42.6240818874717,23.4044164102333,120,1,ДОБРО
42.6239847101599,23.4043126351013,110,1,ДОБРО
42.6242633137907,23.4046924116496,110,2,ДОБРО
42.6240423356219,23.4059107549113,120,2,ДОБРО
42.6244490851474,23.4063785191404,110,2,ДОБРО
42.6261927084931,23.4091909701227,120,3,ДОБРО
42.6261586005572,23.4093068783063,120,1,ДОБРО
42.6381539241941,23.4114531947434,3000,1,ДОБРО
42.6262830856193,23.409491536165,120,1,ДОБРО
42.6262088978864,23.4065639507216,110,1,ДОБРО
42.6255883142836,23.4097566163645,120,3,ДОБРО
42.6498189829006,23.3696842446045,1100,2,ДОБРО
42.6255212792949,23.4096686435378,120,2,ДОБРО
42.6256454634011,23.4097885546353,120,1,ДОБРО
42.6256713371126,23.410023109469,120,2,ДОБРО
42.625919217748,23.4106960267271,110,3,ДОБРО
42.6386289455556,23.4101124635635,110,1,ДОБРО
42.626005662159,23.4107930613756,120,1,ДОБРО
42.6259973642685,23.4110027138094,120,3,ДОБРО
42.6262218405385,23.4111116596794,110,2,ДОБРО
42.6383427289966,23.4108153672043,110,1,ДОБРО
42.6265037975835,23.411372891906,110,2,ДОБРО
42.6251618698458,23.4021732864931,120,1,ДОБРО
42.6262225173819,23.4111966823918,110,4,ДОБРО
42.6264965250328,23.4114443818859,110,1,ДОБРО
42.6511038354432,23.3682522972633,1100,2,ДОБРО
42.6257496703623,23.4101515292453,110,4,ДОБРО
42.625687447452,23.4100531466287,120,2,ДОБРО
42.6531308174308,23.3686303494073,1100,3,ДОБРО
42.625750113212,23.4101862043624,110,1,ДОБРО
42.6258186662896,23.4127655047618,110,1,ДОБРО
42.623584840635,23.4090693660846,1100,1,ДОБРО
42.6238335371391,23.4076170899792,120,1,ДОБРО
42.6232005746956,23.4022347674546,1100,1,ДОБРО
42.6231861989847,23.402026947969,120,1,ДОБРО
42.6232832509942,23.4030939786135,120,1,ДОБРО
42.6244284623261,23.4048935843469,120,2,ДОБРО
42.623585689426,23.4041988614561,120,2,ДОБРО
42.6228904599994,23.4053882882256,120,1,ДОБРО
42.623454206941,23.4055226568907,110,1,ДОБРО
42.6219758555909,23.407324279179,1100,2,ДОБРО
42.6213935365313,23.4076853528571,1100,2,ДОБРО
42.621920352466,23.4084571559405,1100,1,ДОБРО
42.6518101017767,23.3694379963231,1100,2,ДОБРО
42.6248910800184,23.403608217932,110,2,ДОБРО
42.6248064140026,23.4035758046389,110,2,ДОБРО
42.6487487522143,23.3792731169845,3000,1,ДОБРО
42.6249006936273,23.4035019577106,110,2,ДОБРО
42.6376246464541,23.4094218922551,110,2,ДОБРО
42.6227378628995,23.402188295797,110,2,ДОБРО
42.622634133006,23.4031976262254,110,2,ДОБРО
42.6226915612372,23.404044359633,1100,1,ДОБРО
42.6374299362228,23.4090880791145,120,1,ДОБРО
42.6230464568881,23.4005589797631,120,1,ДОБРО
42.623167505859,23.4020282228549,110,1,ДОБРО
42.623068400087,23.4018921937796,110,4,ДОБРО
42.6231671972313,23.4018219602603,110,1,ДОБРО
42.623115499491,23.4018009645841,120,2,ДОБРО
42.6235669550503,23.403087462234,120,1,ДОБРО
42.623993528074,23.4032630306305,110,2,ДОБРО
42.6240533803598,23.4027351354557,120,2,ДОБРО
42.6243190818733,23.4021901508887,120,1,ДОБРО
42.6245389190192,23.4021374564233,110,2,ДОБРО
42.6246472460923,23.4020933937821,120,1,ДОБРО
42.6246678401264,23.4019221054436,120,2,ДОБРО
42.6249534110925,23.4017278008596,120,1,ДОБРО
42.6251950987019,23.4016840128594,120,1,ДОБРО
42.6254892482788,23.4015324317345,110,1,ДОБРО
42.6385099092797,23.4120716892794,1100,1,ДОБРО
42.638416406221,23.4064633218892,3000,1,ДОБРО
42.6384078911078,23.4073367078853,120,1,ДОБРО
42.6384008288448,23.40729472084,120,1,ДОБРО
42.6384647610414,23.4105415384445,120,1,ДОБРО
42.624667035393,23.4012996486035,120,2,ДОБРО
42.6384148616361,23.4086171864399,120,2,ДОБРО
42.6382539059838,23.4108927551611,110,2,ДОБРО
42.6375569080416,23.3863158287677,1100,3,ДОБРО
42.6385193735903,23.4074945254614,3000,1,ДОБРО
42.6380371781183,23.3939892948029,1100,4,ДОБРО
42.638265799338,23.4074149005599,120,1,ДОБРО
42.6386498791541,23.4071813959641,120,1,ДОБРО
42.6386141925947,23.4073339420063,3000,1,ДОБРО
42.6385837552169,23.4091842394772,120,1,ДОБРО
42.6378324770461,23.4113529534157,110,1,ДОБРО
42.6376631170307,23.4113040608959,120,1,ДОБРО
42.6377536438367,23.4098409235049,120,1,ДОБРО
42.6368301214195,23.4115886836215,120,2,ДОБРО
42.6371036093477,23.4110669100728,110,1,ДОБРО
42.6364356148314,23.4104708398014,120,2,ДОБРО
42.6385512485847,23.4104840539704,120,1,ДОБРО
42.6385654403204,23.4104218049368,110,1,ДОБРО
42.6378465819794,23.4101260813525,110,1,ДОБРО
42.6375907503885,23.4112761076189,120,2,ДОБРО
42.6374928850283,23.4082738765032,120,3,ДОБРО
42.6373981172152,23.4085623007309,120,1,ДОБРО
42.6378719539026,23.4084028731643,120,1,ДОБРО
42.637743460444,23.408374881137,120,1,ДОБРО
42.6373668701063,23.4111417111277,3000,1,ДОБРО
42.6398327487512,23.4073318712386,110,2,ДОБРО
42.6371714621584,23.4025219894252,1100,2,ДОБРО
42.6373261379906,23.4081355739774,110,2,ДОБРО
42.6372925332459,23.4089472211553,120,1,ДОБРО
42.6371968261822,23.408983247367,110,1,ДОБРО
42.6253388418611,23.4026193034196,120,1,ДОБРО
42.6372792835067,23.4090045648317,110,2,ДОБРО
42.6372816003879,23.4090143729476,120,1,ДОБРО
42.6371744225822,23.4093784605726,120,1,ДОБРО
42.6376698113281,23.4095126623588,1100,1,ДОБРО
42.6377466593337,23.4097070046419,110,1,ДОБРО
42.6297021166984,23.3642610075677,120,3,ДОБРО
42.6296411844189,23.3650413038335,110,1,ДОБРО
42.629659626741,23.365098216024,120,1,ДОБРО
42.6295993782301,23.365280364005,120,1,ДОБРО
42.629526723116,23.3653086671111,120,1,ДОБРО
42.6288042470631,23.4065583877848,110,2,ДОБРО
42.6287490053307,23.4063602384144,110,1,ДОБРО
42.6286846398533,23.4060602420382,120,1,ДОБРО
42.6286086315502,23.4053812812805,110,3,ДОБРО
42.6285233967404,23.4052745190298,110,2,ДОБРО
42.62855258652,23.4053752757431,110,2,ДОБРО
42.6285494602699,23.4051496337726,110,1,ДОБРО
42.6285590115066,23.4053094705378,1100,1,ДОБРО
42.6284271517947,23.4048214381217,110,1,ДОБРО
42.6281841152465,23.4038409535422,1100,1,ДОБРО
42.6279687780462,23.4034640800447,110,1,ДОБРО
42.6278881359515,23.4023570581235,1100,2,ДОБРО
42.6274236837041,23.403052612697,120,1,ДОБРО
42.6266773540222,23.4025312068809,110,2,ДОБРО
42.6264916339564,23.4023546573208,110,1,ДОБРО
42.6264204494294,23.4021797915723,110,2,ДОБРО
42.6264258686828,23.4022201425427,120,1,ДОБРО
42.6261581558582,23.4018835128595,110,1,ДОБРО
42.6261793279218,23.4019148956329,110,1,ДОБРО
42.6260340898906,23.4018295421371,110,1,ДОБРО
42.6259234886465,23.4016687792096,120,1,ДОБРО
42.6242453616839,23.400408736516,110,1,ДОБРО
42.6394719768608,23.4057131897283,110,10,ДОБРО
42.6245007061865,23.4010053923077,120,2,ДОБРО
42.6245418323918,23.4011117145684,110,2,ДОБРО
42.6242136799832,23.3999623601569,120,2,ДОБРО
42.6242713534236,23.3993469239104,120,1,ДОБРО
42.6246595769622,23.4014754229052,120,1,ДОБРО
42.6256268181749,23.4012625496055,110,2,ДОБРО
42.6256206285596,23.4012981755956,110,1,ДОБРО
42.6252409286084,23.4022268590073,110,1,ДОБРО
42.6254875449907,23.402783748145,120,2,ДОБРО
42.625527173873,23.4027746824354,110,2,ДОБРО
42.625627615885,23.4030536146176,110,2,ДОБРО
42.6256769274967,23.4031742932447,110,1,ДОБРО
42.6256900424372,23.4031487343905,120,1,ДОБРО
42.6258383651996,23.4033838378106,120,1,ДОБРО
42.6384026832386,23.3813832452863,3000,2,ДОБРО
42.6388557763052,23.3970869858043,1100,1,ДОБРО
42.6394094305686,23.4057010609277,1100,10,ДОБРО
42.6412341145866,23.4043707812057,1100,1,ДОБРО
42.641279863549,23.4056544665907,1100,1,ДОБРО
42.6432253939644,23.3774974743328,3000,1,ДОБРО
42.64203868484,23.3863154732332,3000,1,ДОБРО
42.6425500852449,23.3861610116742,3000,2,ДОБРО
42.643305930277,23.3818598689794,3000,4,ДОБРО
42.6393505703565,23.3991591180385,3000,1,ДОБРО
42.6388062672026,23.3934732027467,1100,1,ДОБРО
42.6444645185747,23.3786870423222,3000,2,ДОБРО
42.6452865816248,23.3796169706209,3000,2,ДОБРО
42.6450530088645,23.3830952471451,3000,4,ДОБРО
42.639774134743,23.4036665178385,1100,1,ДОБРО
42.6398078077357,23.4073933657933,1100,1,ДОБРО
42.6394588068446,23.4070261705045,110,1,ДОБРО
42.6395398393512,23.407168563146,110,2,ДОБРО
42.6402429940015,23.407541858697,110,1,ДОБРО
42.6407172384956,23.3743996566895,3000,2,ДОБРО
42.640953145456,23.4036322894913,120,1,ДОБРО
42.6412126165982,23.4036812261492,3000,1,ДОБРО
42.6403933539635,23.3834902820555,3000,2,ДОБРО
42.6477230679668,23.3783352446721,3000,1,ДОБРО
42.6457556760514,23.3799518448409,3000,2,ДОБРО
42.6474454324305,23.3976953252856,1100,4,ДОБРО
42.6460533339159,23.3830218845564,3000,1,ДОБРО
42.6550920758018,23.3818347043415,1100,1,ДОБРО
42.6474444842686,23.3799921653107,3000,1,ДОБРО
42.6496207981501,23.3945233018836,1100,1,ДОБРО
42.6491581380484,23.3753110894869,1100,5,ДОБРО
42.6495770300534,23.373672153611,1100,2,ДОБРО
42.6505185021617,23.3764830584095,1100,3,ДОБРО
42.6500494565402,23.3715206681445,1100,3,ДОБРО
42.6500062598083,23.3783949080744,3000,1,ДОБРО
42.6526704487096,23.3722707545634,1100,4,ДОБРО
42.6523311583226,23.3703026730249,1100,2,ДОБРО
42.6523387897637,23.3878956784885,1100,2,ДОБРО
42.6517396138118,23.3865563834844,1100,6,ДОБРО
42.6582747333846,23.3876441661766,1100,3,ДОБРО
42.6387937888432,23.4075123463225,110,1,ДОБРО
42.6388456687211,23.4075326514714,120,2,ДОБРО
42.638967744158,23.4076313518821,120,1,ДОБРО
42.6390208712872,23.4067518010628,110,1,ДОБРО
42.6393213932583,23.4071122013123,110,1,ДОБРО
42.6389731823123,23.4077079207385,110,2,ДОБРО
42.6389344964138,23.4077692294273,120,1,ДОБРО
42.6388213365216,23.4077594407574,120,2,ДОБРО
42.6389940522851,23.4095692297119,120,1,ДОБРО
42.6392809565248,23.4091994749861,110,1,ДОБРО
42.6519313784573,23.3744047479372,1100,5,ДОБРО
42.6553343124052,23.3696472056226,1100,3,ДОБРО
